,TF-IDF
into,26.79736819516883
little,24.79624371559933
no,23.915975236493562
away,19.483403920341015
cried,17.15491225714625
king,17.089542670516337
how,15.725721507668089
back,14.98936997872303
man,14.766446798554576
way,13.955388668087036
before,13.540319483129407
time,13.34634552190334
water,13.30776675426825
frightened,13.267595285527719
door,13.083931161839791
wife,12.991755258158717
himself,12.969127495972995
oh,12.940157068178378
about,12.72819704297516
upon,12.668283342329637
still,12.493745245471587
old,12.39510072327534
their,12.234636256301291
after,11.966945222845677
ran,11.81001153066364
however,11.779449396476116
let,11.711875217454654
looked,11.662241276229313
like,11.262995692097425
only,11.209405783582556
quite,11.118668681451133
head,11.10815662317813
well,11.096845416722639
day,11.08146195159345
great,10.985943288868423
heard,10.967873217028968
much,10.654639934645948
night,10.644621668568721
poor,10.495693442675197
home,10.474383159432168
some,10.463647492635692
long,10.366007833388231
fell,10.274658471339835
woman,10.001030796031667
good,9.991832585490675
last,9.97733230670323
more,9.926541979875669
house,9.915927274404199
off,9.908051513154334
fast,9.729578680319058
through,9.67271270864893
yes,9.437093279295278
never,9.303015542779235
first,9.285316599016939
mother,9.252510570057591
forest,9.212072430267877
sat,9.156244886693326
lay,9.115918845408434
nothing,9.05081360100792
fire,8.778240206600492
soon,8.738121833676887
run,8.63162072706811
stood,8.466626629156572
answered,8.41303482684346
morning,8.373714190678346
once,8.335770799034217
ah,8.229301674941667
yet,8.220317363028087
other,8.204849412905219
fear,8.202494706663805
two,8.114290728331708
bed,8.111715633033382
father,8.062766890818581
began,8.00503862187841
boy,7.931625649503655
afraid,7.8640354525870455
dear,7.649397095900049
round,7.618709392743445
beautiful,7.616366243118067
set,7.602065077609343
eyes,7.549081771678844
put,7.541662246793998
going,7.490744525317226
better,7.474430134971342
eat,7.443060347089859
such,7.360534698372657
large,7.198135088778219
next,7.187858947737737
peter,7.142266387486204
dead,7.121962907272889
behind,7.082034308613301
tree,7.073506479460106
children,7.020666405839096
room,7.019004199128852
something,6.984052895733494
till,6.94160727535249
heart,6.871518756076317
wanted,6.71483050689042
ground,6.644902761225596
any,6.621129088933405
bird,6.611222294874859
open,6.5831964118171316
hand,6.569840512011499
happened,6.566884217074722
herself,6.518586793031723
thing,6.43088637774196
turned,6.420703769789923
wood,6.419629893167213
left,6.285884167726457
death,6.250696916270228
castle,6.123853902906123
peasant,6.10740947585211
these,6.082006056818816
whole,6.054830787227777
every,6.0030166905739
girl,5.975663447681305
leave,5.957460804314012
three,5.956307136867417
called,5.948721734954879
look,5.938447157467646
soldier,5.9107452121735
child,5.8965727478975545
became,5.89279995179731
replied,5.759928827837332
people,5.748818464915289
fox,5.6890200885584425
red,5.663573512825945
terrible,5.6049593122455885
son,5.593163267153671
most,5.55256213940842
together,5.538177672503674
wild,5.533053851233625
evening,5.523320808037756
looking,5.517607484476861
cook,5.4652976268496785
servant,5.441646517217295
black,5.439847565844192
grandmother,5.4299759838610715
coming,5.428797035382632
golden,5.403919466631958
lost,5.4030455053716135
carried,5.391516631952336
young,5.3820225717485135
half,5.3336609596698645
sent,5.32168262322673
life,5.315498323161318
right,5.306247793308692
storm,5.305886443730843
sitting,5.243055379729413
tom,5.242848074413885
gretel,5.2279355018309595
flew,5.215752734986388
sun,5.210038449323579
hansel,5.181082284656846
dark,5.178322611939703
help,5.1715390221266615
sea,5.079141469917524
princess,5.046380806107992
wolf,4.973439248377159
things,4.966585381559823
kill,4.961477731372691
lying,4.949883890570083
dreadful,4.8932344142548185
passed,4.855681548848097
bread,4.8480969275013965
sure,4.838043354194832
husband,4.829517378236364
daughter,4.811516677834825
money,4.804596782658551
full,4.78795819511938
dream,4.7647410854015435
seven,4.755361962219372
another,4.723312891014877
light,4.7225783582868015
gold,4.6963196241877085
second,4.685645083291211
alone,4.629386646643485
bring,4.623760125509403
even,4.59433443953036
terrified,4.58677350509377
sister,4.560829936053677
quickly,4.55965545412745
keep,4.551356168209995
straight,4.537824694631235
benjamin,4.531041033506854
sprang,4.514634676768007
led,4.472836254398052
big,4.46070362232301
alarmed,4.452053601801987
air,4.448478530211635
church,4.438912349366855
become,4.438330922570625
fisherman,4.434428118845692
window,4.427368258035046
nor,4.427351810161578
many,4.426800462623969
don,4.418966577325629
queen,4.400954718960288
opened,4.365923305487156
both,4.362813171101532
pray,4.35044703214374
world,4.33064756848947
standing,4.324334560395379
kitchen,4.3156668156718325
until,4.315139344532469
begged,4.311854045016594
cat,4.30673102691227
shudder,4.3034185667401905
place,4.299072955506131
fall,4.283721174268746
hair,4.268015231141133
wish,4.257451964141348
towards,4.243381420416059
each,4.2400190458102855
hans,4.238088323315785
piece,4.227453277215649
pig,4.2202033452339345
rest,4.2174136188454385
own,4.211842487602931
sleep,4.208112571765795
cut,4.194823557036123
walked,4.180502346732688
brought,4.175213617523014
stone,4.166681334565192
youth,4.133105306225876
ribby,4.129241715165849
fright,4.128460974210022
white,4.085445928450489
everything,4.080510860734561
certainly,4.074277118647461
blood,4.067707830258081
those,4.058424298205549
horse,4.025659632763618
already,4.0213971838224305
miller,4.018456421194781
cannot,4.018238363839259
mind,4.013859426780269
grave,3.999865142268729
cap,3.9975869188070168
heavy,3.965284921225374
near,3.9535689416813065
side,3.947844115638276
along,3.937435320401495
snowdrop,3.927354471508439
dog,3.8984231979161077
face,3.888358289608917
seemed,3.8826226417848018
glass,3.881767748927941
speak,3.866912310712309
wicked,3.8620337116935737
hole,3.8568208863109668
twelve,3.8483130155781184
third,3.845892675235334
indeed,3.830932957536503
dreadfully,3.8289643246172096
thoughts,3.825044853405701
hid,3.8169216287472567
words,3.8115918266382662
themselves,3.802772052410184
garden,3.801945777811857
bad,3.798468432430201
emperor,3.7942433008420107
wind,3.7929928923966467
hear,3.785410896747703
seized,3.782746187748744
ever,3.757824492291429
heaven,3.7482622696035577
cock,3.7376528660624038
alas,3.7291960448370887
scarcely,3.7072243675809675
neither,3.699681531088365
wait,3.678242070541871
pieces,3.6634931175858854
inside,3.6525406908314086
threw,3.649193055359376
fundevogel,3.6442087349978656
shepherd,3.632692877602118
myself,3.613500172432523
shut,3.606990730651578
barrel,3.6021343956722847
hands,3.5809759938435546
perhaps,3.5794403050328016
trouble,3.561087198078285
shoes,3.5583139966026174
huntsmen,3.5432614227841936
tailor,3.5347057227498215
trembled,3.533588193223516
throw,3.5218939947879213
thee,3.5208167668939665
thou,3.520287721130121
its,3.512048026435379
maiden,3.49896530804028
feet,3.4979948421630103
bound,3.496622872469501
drink,3.4890058038172014
step,3.467295049556354
cry,3.4653962172484363
awoke,3.462042313462697
without,3.46042861983914
voice,3.4438067823752503
presently,3.430905480027842
pretty,3.4098237332323076
parson,3.408083329070848
anything,3.404454505520043
end,3.397416824702377
lady,3.3748591430143433
land,3.3730605596583856
order,3.3635200960820493
rolled,3.3599629639087034
laid,3.3453166428303747
finger,3.344264205119348
jumped,3.3413820465704003
witch,3.3372673617182964
within,3.3253142317607987
lina,3.321364315778067
always,3.319588674369212
cousin,3.3083068573437826
blue,3.2980114282566886
running,3.2886960209951703
happen,3.2882153970478964
bride,3.284211671219274
want,3.2706051047081295
terror,3.229239339229585
cold,3.2169114214858685
kitten,3.1866843386238926
asleep,3.178332703251399
far,3.1756698616741454
noise,3.168307887177616
strange,3.165308189339513
duchess,3.144579351232893
sexton,3.14331482574005
stretched,3.1374744096669214
thus,3.1296921935514477
kind,3.120935040120158
mouse,3.106802440917716
held,3.096116054766807
close,3.0909807375800202
small,3.0901698223001333
brothers,3.077771352969494
easy,3.0648590375595526
brother,3.058565011176393
early,3.0471377869638494
huntsman,3.045994372091257
beneath,3.0434705184996336
youngest,3.0411886675551605
therefore,3.0401928286895727
across,3.0390468099696264
table,3.01677130780267
work,3.0143837700518765
knocked,2.9962153679789787
though,2.9959337854516344
dig,2.995418428402317
mcgregor,2.993433394574871
escape,2.9765559170554536
sit,2.9760269052064787
ears,2.9416615663971473
terribly,2.937331823439225
top,2.935519825286114
dummling,2.93236338471111
hold,2.9212754648400603
fish,2.9171409149234355
move,2.9005947357030006
doctor,2.9001359521913916
drew,2.899509934904788
pigling,2.8856860868190766
against,2.8843995327490073
met,2.8780895131402437
struck,2.876998831084741
rushed,2.8762389858871975
pulled,2.8673514668989224
enough,2.865152102735304
short,2.8629142108559646
our,2.8594176736569454
pocket,2.8561124388255865
cow,2.85514996412483
fetch,2.8501341601883916
obliged,2.8496867098140477
ate,2.8421637135829583
darling,2.831507388652085
tired,2.818641823523742
really,2.8183408875606513
hurt,2.8051302430195846
foot,2.8016906645045663
around,2.7964240128713826
wig,2.789791179200982
oven,2.7874659652407856
uneasy,2.7833825086364423
wants,2.781824915021037
sounded,2.774227669639326
stopped,2.7728126929407853
anne,2.7727127299289807
lisbeth,2.7727127299289807
men,2.762025425131498
moment,2.755879683048395
others,2.7507996499330947
crept,2.744441426933134
swallowed,2.73162359512955
trembling,2.730573952534554
show,2.7266704773231543
basket,2.7171605442969273
someone,2.708978504636833
loud,2.7037450290616887
four,2.7030890716984106
yourself,2.698101131769772
same,2.6973736532559283
peas,2.6971905553331905
jorindel,2.6948882410480635
flowers,2.691070244050108
forced,2.689888599465852
dare,2.686941263123305
mercy,2.67320491796906
whose,2.6726809712173214
rabbits,2.658782497465738
save,2.6555107966571487
among,2.65351831616097
draw,2.646851289735561
giants,2.6368654037584602
mayor,2.632673187062169
forth,2.627980783799335
field,2.6234340293393843
lord,2.6199399383602517
warm,2.6193316614993956
climbed,2.615950211410082
earth,2.607590145454432
carry,2.5871410492503415
stay,2.5833696590171162
scream,2.5817083753567824
fine,2.5716282698017747
river,2.570190534084556
apple,2.569675971834157
die,2.558085770294976
pick,2.546092732503326
anxious,2.54317796631114
wall,2.543001522655872
knife,2.542962842667894
dwarf,2.540822430918433
pale,2.537621678501826
spot,2.5345583869903727
master,2.5327039916231415
claus,2.5323528242680835
tail,2.5264305468767696
rabbit,2.5192204423735336
sight,2.4888937727680953
clock,2.474948477252157
followed,2.4741038636604804
live,2.4702232892544007
mouth,2.4614034547223214
answer,2.456454097962566
matter,2.4459357541261135
play,2.444887005352677
walk,2.4435661618637843
birds,2.441677403022541
hundred,2.4396240132211737
coal,2.4365132337723345
bear,2.434844578511651
wished,2.4313715800730216
dared,2.4192003855973403
listen,2.416609264458686
onions,2.4124918565741322
anyone,2.407946327921726
kingdom,2.4069502486642533
rose,2.3922683493796066
often,2.388454630037097
killed,2.3883500260722865
fat,2.386649506837312
lie,2.3825884991981305
seek,2.382342825005941
turn,2.3792537426489164
loudly,2.376073599020219
new,2.375711118195851
thieves,2.375286156850442
jorinda,2.375000259395218
duck,2.3678893679721913
remained,2.3675608754275412
length,2.363218740573354
quietly,2.349469183744464
glad,2.347483983568543
heads,2.342098183479315
kept,2.340863904568767
singing,2.3400721839097725
vain,2.3346637989849195
whether,2.330554890097104
moon,2.326681565440177
axe,2.322078029104705
salad,2.3201894185151155
legs,2.318763330222333
front,2.316135188613686
body,2.30575104968322
word,2.286368328324429
ass,2.284342018380363
almost,2.279468576095423
distance,2.275682101531924
willow,2.273312540905026
rode,2.270640257370857
watch,2.26635608589478
robbers,2.2637720941192594
court,2.261452199611698
crying,2.250840889577415
ill,2.2473801528292157
saying,2.231257923917349
branches,2.2245971909844644
lived,2.2224770681307913
itself,2.218377288433194
hanged,2.2156125785564647
elsie,2.214858022906701
manikin,2.2126452159465257
counsel,2.208043060828224
either,2.206116903581193
none,2.2058195625848787
haste,2.198410726454174
straw,2.1981687770707095
stupid,2.1916073080947984
mountain,2.1915821906254385
soldiers,2.1851095095943704
care,2.1793143981503453
floor,2.1734183186746314
suddenly,2.1725134961912143
understand,2.1691490381745937
placed,2.1620311125104408
hurried,2.160868676470007
flames,2.1539586472674883
country,2.151771236321679
hide,2.1447589186626947
ravens,2.140564832963626
forgotten,2.1366482062913463
grew,2.1328453110428485
pope,2.128782868964392
arm,2.1225038985819733
learn,2.1196129089652627
cloth,2.1172526054345804
butter,2.113821653673404
knowing,2.111824757043288
ordered,2.1094700130995983
angel,2.089185122277352
tower,2.0844724806968116
wine,2.079691562365896
waited,2.0763014093835057
guest,2.075792608803901
arose,2.074721514427577
village,2.072781216290666
caught,2.0714575133241477
prince,2.0708639763208154
whom,2.067006590185515
hanging,2.0668845585877964
thinking,2.0634195976226595
cottage,2.063070809309247
beard,2.0564690250017597
underneath,2.04748290679712
evil,2.0397334359280737
tomorrow,2.0364626728986295
town,2.0360729480445623
free,2.031520070482021
slipped,2.027339612252262
chanticleer,2.0251213114350373
outside,2.017162839158521
hay,2.0154705989123194
sack,2.006368155370435
harm,2.0047781948153918
music,2.001562911619264
friend,1.9959716083449022
shelter,1.9901901339267478
trees,1.986525899899762
beside,1.9863142117019597
astonished,1.9850589272973553
remembered,1.9808634861176808
hat,1.978142226527679
steps,1.9779706011981197
bushes,1.9754308581539903
horror,1.968009521869814
fairy,1.9585227411352146
meadow,1.9568976784616305
sorry,1.9375851429365207
dropped,1.9369686525703962
bellissima,1.9366665179428821
stepped,1.9352154203947791
roland,1.9345120767441764
dressed,1.9335754691272071
dress,1.928592084124439
thither,1.923920446976163
rain,1.919978356059779
doubt,1.917410330052475
hearing,1.9163176567374922
hung,1.914227326699793
stop,1.9139362252574994
flower,1.9116017800295673
raven,1.908335928870833
stuck,1.9075402917614357
safe,1.9060193328798887
edge,1.9049867386826342
sound,1.9036223078545809
cask,1.9010648439879008
strength,1.8931017537467767
empty,1.8882631886168504
bailiff,1.8869004691733315
cloud,1.8828899703273871
rather,1.879397577522938
hurry,1.8759783754241501
few,1.8685349425249291
dish,1.8677530776293128
send,1.8661628362961031
god,1.8601354290645131
sausage,1.859151290464713
pity,1.8591410567012727
waves,1.8587768108145017
fate,1.8540976882778264
iron,1.8502370002228536
above,1.840809785235152
rat,1.840380079949525
stairs,1.8335702959120759
dwarfs,1.8310681196266654
shoot,1.8270675741756865
longer,1.8250061576148107
baa,1.8236836572648514
tear,1.8231559516432774
smoke,1.8184898752454406
nobody,1.8121695866993748
chest,1.8112269228836793
hope,1.8052460840947866
carefully,1.8031158665424978
dancing,1.8014433109478385
screaming,1.7983763703284832
wishing,1.7953544010069993
break,1.7894838122117909
marry,1.7839219007677998
best,1.7833644949424847
buttons,1.7801094002964082
fly,1.7775376171137895
lion,1.776237599781802
jemima,1.771715040501644
stolen,1.7662905005184637
shake,1.7641768434881722
tabitha,1.7605670004538578
difficult,1.754864120422037
please,1.7525881715129985
true,1.7521557652805422
shoe,1.7517897212731475
calf,1.7485706192121306
food,1.748124532409468
leaves,1.7460326188722084
pond,1.7456792814449753
giant,1.7452014077895774
hidden,1.7399981567568776
jacket,1.737506557070871
years,1.7341042770925639
reached,1.734020660221279
nice,1.7301748305227482
hot,1.7271384046569462
search,1.723168488237941
lonely,1.716472728180423
burnt,1.715055498020889
shore,1.7128644972361693
tod,1.7119920511589963
ball,1.7105456985964598
condition,1.709143197334957
started,1.7071396879933662
grete,1.7064773663441883
wheels,1.7013686138518267
sudden,1.697046486572659
observed,1.6965043544740641
nut,1.6948482948352206
ll,1.6930709091049767
chimney,1.6909789998232372
smell,1.6904774469652846
fared,1.6875747405129227
deep,1.6847746537012362
least,1.6825771447245241
summoned,1.680704145432206
hunger,1.6782700835512891
hang,1.6774342979840933
venture,1.6773195957295826
crowed,1.6741584074066989
pot,1.6719977737164464
pleased,1.666731692249538
dug,1.666647246858774
corner,1.6624493155334186
yellow,1.6597021919696529
jeremy,1.6592006308580765
comforted,1.6498902801927877
grown,1.6441510313139047
hard,1.6434255393764035
road,1.6391208881527168
alive,1.6358600486036448
dogs,1.634583947254816
able,1.6309698068040133
grows,1.6296104392302806
picked,1.6290150334593834
bland,1.628162080727563
looks,1.6217067482490652
times,1.6208536542908276
shoulders,1.6181626451982016
name,1.6088935569446106
intended,1.6062743514686226
lighted,1.5953692893249944
angry,1.594257699197037
pickles,1.593070630689625
high,1.5876211821566335
path,1.5852216747215142
journey,1.58261762682258
girls,1.5808331370057074
peace,1.5737421459324588
power,1.5729306445316462
farther,1.5707001366204612
caused,1.568565781048119
sleeping,1.566607939738682
drop,1.5659422213374072
roof,1.5638668091367862
frederick,1.5618126703633874
likewise,1.559698685482504
past,1.5586590409807184
liked,1.5570147448388527
cooked,1.5564282997105314
sparrow,1.5499080430635606
sin,1.5447394278405873
hastened,1.5386083443001395
fields,1.5346361964298922
human,1.5334187336590615
bones,1.53164733705314
risen,1.5262679589075459
stove,1.5237378622442845
toad,1.523264431459124
faster,1.5222033655129816
drove,1.5207044859325078
having,1.5188083901888327
peeped,1.5175201422083575
beer,1.5099215209268115
ice,1.5084689450187618
dragged,1.5079501680365017
puddle,1.507282606744101
stones,1.507115041553679
middle,1.506458139803764
unable,1.5062996186912871
anxiously,1.5054469235780918
broken,1.505184728426456
filled,1.5051288200641415
sore,1.504668874461264
upstairs,1.500195538799069
stand,1.5001031507253875
yard,1.497269088606399
maid,1.4943489803143575
laugh,1.4941184752535739
love,1.4935585978087433
fifth,1.4934784874449112
churchyard,1.4879898057681322
strike,1.4858276867972788
sky,1.484775450736335
dry,1.4767927525638942
making,1.4716947384810533
listening,1.467916873729195
manner,1.4673942097878818
wake,1.4605447134757636
changed,1.4602880152327191
fled,1.4599494671198652
died,1.4550499536744534
pillow,1.4544599180563638
fingers,1.450101342681159
pie,1.449987439088664
wand,1.4486626915522345
tears,1.4466240860698896
sweep,1.4448499048940195
closet,1.4415673577883
during,1.4414337459953948
danced,1.4407921957591732
spoke,1.4406319626504076
tiny,1.4384085174390948
servants,1.437731946743651
taste,1.4373286432851442
tied,1.4365237675177411
daybreak,1.4347626390381383
pop,1.4329339783192596
mist,1.430807837327588
bundle,1.4303428795720892
puzzled,1.429500505834718
bend,1.4292464777057734
frightful,1.4289815936574795
spring,1.4287554047523514
dawned,1.426161056656838
gardener,1.4257118846136483
worse,1.425279437065734
cellar,1.4238502262323973
several,1.4203162112947676
stir,1.4183822418193885
animals,1.417288507801873
hours,1.4163974256436356
gate,1.4126788802838113
cheese,1.4113695238076343
received,1.3999479162776391
clever,1.3997407160629203
clothes,1.3993987469563889
feared,1.3968678191107733
whither,1.3944136765570634
meant,1.394158448392472
boat,1.3921208163247656
offered,1.3907107066737787
bent,1.3903059960145037
leg,1.3900119190995164
supper,1.388017519666158
heavens,1.3843898098175291
otherwise,1.3832524211038777
attic,1.377520863812872
knees,1.374065172827355
born,1.372713886999707
lightning,1.3714440572330253
warmed,1.3673776068974708
canst,1.3669444231870114
milk,1.3663886460017651
sometimes,1.3615078766258288
herd,1.3602451986643054
ear,1.3586899970554847
apron,1.3558624602963119
coat,1.352637482369539
married,1.3513077468662344
ashes,1.3472895662248834
doves,1.3468144509402395
ilsabill,1.3461931821981252
deadly,1.3453731010007297
war,1.3436695897518027
begin,1.3383375213691697
burn,1.3379273159358185
daylight,1.3369422583161645
sweetheart,1.3355909711079108
storks,1.3349334694415314
bounded,1.3316438955084462
comrades,1.3292659796927433
altogether,1.3292037214603736
greatly,1.3222726838031125
saddle,1.3218432158401592
gathered,1.3212181815453534
boys,1.3205790335149314
ow,1.3178469937271475
screamed,1.316235915676557
hens,1.3150142713528719
concealed,1.3144812698670414
follow,1.311263352611991
board,1.3104802118253005
weep,1.3103826475044442
whispered,1.3059829241089047
rushes,1.3059051930218915
bells,1.3045643310860109
battle,1.3036033056435026
office,1.3032512369836964
baked,1.302937076796424
seeking,1.3026799307523527
hill,1.3018244173200113
fiddler,1.300360240625849
cake,1.300008474353896
dearest,1.2991388569117805
amongst,1.2967286945158771
sword,1.2950562195116415
rats,1.2937244719494636
beast,1.292148572937666
spectre,1.2921354952612027
willingly,1.2917800356853293
handsome,1.2899829075275138
possible,1.2885828898488976
fir,1.2873020341396044
case,1.2861419019613258
skin,1.284735915292116
pipe,1.284312674987278
christina,1.2837151485786964
art,1.28335889967344
green,1.2819445580552256
burning,1.281502144373793
danger,1.280222979291914
hall,1.2773351362803234
sorrowful,1.2770251577125684
sir,1.2764259297858753
woodman,1.2684196896218711
choked,1.266038719246311
silver,1.2657671542953142
watched,1.2642780792022121
sell,1.2638723102482705
judge,1.263246659400009
treasure,1.262533988697117
anybody,1.2612289231554683
paws,1.2605313681811752
mice,1.260517210522587
bank,1.260153456096061
afterwards,1.2591501280304043
believed,1.2587619098548108
fare,1.2583430703152667
beg,1.25801332601768
promise,1.2579329030099928
immediately,1.2546225353644682
flying,1.2538244442266409
elf,1.2519221001103045
palace,1.2485004826775166
song,1.2473012008178948
seem,1.2472307259449515
hunting,1.2460837417454518
overtook,1.2448312011618323
chamber,1.2440902283585362
consented,1.2424441247119242
ought,1.2424377897388712
throat,1.2417732993018153
rolling,1.2399550195014954
days,1.2384379204495266
thats,1.2374219193715583
lies,1.2366874844802462
roll,1.2364908544427302
comrade,1.2353795474419091
aid,1.2330418484607455
happy,1.2320082830750163
grey,1.231758654751844
misfortune,1.2306848087770086
meantime,1.2293347868947468
declared,1.2290245401751265
eldest,1.2286273684469848
fallen,1.2285975055147413
poisoned,1.2279906730797054
listened,1.2269267552774752
silence,1.2258703321851496
forester,1.225257494189457
shining,1.2252421604717392
cover,1.2241826977470291
ago,1.2220329523851912
wandered,1.2186344382650085
luck,1.2181018493810283
key,1.2173999563669886
falling,1.2143870828223213
betrothed,1.2140435939221537
opinion,1.2138773843263548
part,1.2135946096509242
enchantress,1.2124148474318277
apples,1.2121081368104334
bridge,1.212050911309701
smaller,1.2118897853116186
need,1.2110167694899534
wren,1.2065395875237452
awaken,1.2019771805627615
tore,1.2013459193277818
teeth,1.1960690082081575
wares,1.195657657237525
skulls,1.1936093256070546
shone,1.1927418460760508
stomach,1.1926709391922456
city,1.1924325642549392
wept,1.191432136238292
cord,1.1883931314990808
devour,1.1829551506886158
recognized,1.1793969601476597
ring,1.1790975153209802
masters,1.1771478891957157
street,1.1756180706937343
spirits,1.1746750137979578
drowned,1.1725284404615957
lathe,1.1721213399940036
sultan,1.1706885485521181
searched,1.169258802600004
although,1.1675728346476135
enemy,1.1668967165688748
everybody,1.1667544741246032
lest,1.1666845806953574
wide,1.1666787720332326
feeling,1.1659647263197264
broke,1.1650392122907829
flock,1.164727474978791
prisoner,1.161690307909009
su,1.1612231794090446
dangerous,1.1601473573458303
magic,1.1578255869561511
sign,1.1577248774266629
mischief,1.153432932215088
lead,1.152952642263636
beat,1.1521735217874713
quiet,1.1487983848490984
karen,1.1465136988202889
consecrated,1.1449716831523082
nights,1.1433451557846006
quick,1.1427954256173993
rapunzel,1.1417568857495435
moppet,1.1406319917239445
excuse,1.1389940176948103
walls,1.138895103256107
cautiously,1.1382132094044062
dough,1.1368724582754806
understood,1.1334621076222018
five,1.132105412802609
roasted,1.1317381907127069
fierce,1.1316092198972107
beasts,1.1259856362498206
banks,1.1250046280772246
willing,1.1213765376227647
lace,1.1200552922383702
forehead,1.1191150882012961
service,1.1178796963179818
walking,1.1164862012545498
higher,1.116203640092508
meet,1.1161906388236067
fond,1.1105556682353037
drummer,1.1105419408865624
used,1.1103060447544044
mrs,1.1090190582818011
stroke,1.1086714471633976
worked,1.1084158795625163
rocks,1.1058978941442443
ceiling,1.1017728641480855
seeing,1.0985100902669223
business,1.0959617963218318
sang,1.094778249287047
surface,1.094425399338721
weight,1.0927155913817546
string,1.0926443017719198
arms,1.08983741544936
less,1.0862885050631044
lifted,1.0841338837334706
cloak,1.083682702300414
course,1.083401671266558
wriggled,1.0829522661928774
sharpening,1.082555824127361
today,1.0822517573209205
scuttered,1.081970729316967
fit,1.0806510805653309
damp,1.079675625286232
squeezed,1.077507588695634
louder,1.0769892002451544
bit,1.0756662160161126
shrank,1.075226070234343
horrified,1.0743523892742033
sleeve,1.073956474280996
flesh,1.0737015108360888
courtyard,1.0707896010984244
chandelier,1.0678713234154538
ib,1.0667806008566938
advice,1.0655019686578309
larger,1.0647818203804444
instead,1.063020119828242
dance,1.0626236454454205
croaked,1.061397011370693
nodded,1.0601307019123187
eaten,1.0597257867985121
wings,1.0592233493313812
thomas,1.0586639109274858
drive,1.0569299931557774
seems,1.053032222278039
confess,1.0517513125549394
horsemen,1.049916841970377
drawn,1.0498799026898082
stream,1.0496994524428371
pass,1.048279785897323
fiery,1.0477611017532926
breast,1.047376399598425
bottom,1.0470819454606213
enormous,1.0459928241306455
violently,1.0391766142397767
muttered,1.0371776567862074
pride,1.036357072771928
ready,1.0361595997380093
travelled,1.0355269066809991
weather,1.0342719873154764
agree,1.0341091400199134
somebody,1.0331245892083734
clung,1.032457837726813
dreaming,1.0307866882718726
knots,1.030082752206087
deed,1.0295144412568784
idea,1.0292909379027324
consciousness,1.0256903868844154
bishop,1.0245869774557317
laughed,1.0226136261968928
breath,1.0225353174563077
journeyed,1.0217741636579425
partlet,1.0206256019098119
ham,1.0205582602773307
continued,1.019514289547323
slept,1.018759293179806
sick,1.0183154175268059
touched,1.0175085696379735
grisly,1.017404880852755
neighbor,1.016492701993462
bought,1.0164576686838038
aware,1.0163534988638299
fearfully,1.0153633784558693
borglum,1.0151848605617784
track,1.0122462244108053
unless,1.0108853297126963
continually,1.0101163683876693
goose,1.0095875646141712
raised,1.0052906979681107
story,1.0051950837092007
following,1.0044598282703205
actually,1.002187503303518
feathers,1.0016462089446516
bag,1.000291351026909
moral,1.0
gypsy,1.0
deserve,1.0
gaze,0.9989228342480808
everywhere,0.9988413870730071
satisfied,0.9985061882362416
claws,0.9982543875476576
surprised,0.9972700837484779
forward,0.9970193817287484
wondered,0.9956023125241237
thrown,0.9951127612707569
peasants,0.9942073944582815
grow,0.9941530176599191
bush,0.9940929907546138
soup,0.9932368408833865
prayed,0.9930002377853333
senses,0.9929878158240113
rate,0.9910335254033535
jump,0.9903175436496899
agreed,0.9899192461537459
crash,0.989686130218256
properly,0.987500671802602
instantly,0.9866462279276784
kissed,0.9865987600856803
gilded,0.9850610035803966
stole,0.9850264671403757
locked,0.98493984250556
opening,0.9848555750195331
countries,0.9846179814783711
uncomfortable,0.9834487894204703
murderers,0.9799391743260285
beak,0.9797369679731793
miser,0.979275714996868
apothecary,0.9786827229815029
thereupon,0.9774090865876752
loaf,0.9773851459606613
fumbled,0.9764116570681531
chair,0.9747605208764272
hit,0.9725597145423037
reigned,0.9720504832159972
keys,0.9701575910229365
neck,0.9700729653899003
forsaken,0.9675325993907126
lain,0.9666159716754941
game,0.9665033918804128
perspiration,0.965901195381496
royal,0.9642119292567476
mass,0.9621976745469926
serious,0.9609030043390521
whence,0.9605133279264343
passage,0.9594419449532882
nightingale,0.959434146704583
needle,0.9577559225396913
fetched,0.9570331235349774
den,0.9567699103885727
princes,0.9530441280973649
groom,0.951749463430149
coffin,0.9516502571358679
plenty,0.9500815299098027
hath,0.9486744331893927
hearken,0.9486744331893927
boon,0.9486744331893927
cauldron,0.94796374847545
icy,0.9469103782338639
sa,0.9463715649640825
between,0.9462653692076487
hungry,0.9450989793783018
speech,0.9391494627771455
travelling,0.9389899959432999
blow,0.9374966799628626
drops,0.937377805398373
gloomy,0.9370559630826871
discover,0.9368785198120734
mary,0.9346409867428518
streets,0.9329746805050039
ha,0.9285975717226945
covered,0.9284877054483354
mutton,0.9280421637757692
dirty,0.9280162474134063
east,0.9265590719163754
setting,0.926127754109862
playing,0.9250395257139631
belongs,0.9245617679027648
abide,0.9234556198490176
sought,0.9226464102260707
howl,0.9217780220620282
ducats,0.9213751822994394
handful,0.9213751822994394
courage,0.9203389994206285
rags,0.9195581070497312
mountains,0.9194891446166893
roe,0.919437308776282
squire,0.91671361115651
tight,0.9143022265617005
driving,0.9135594182487423
six,0.9126861210946305
sniffed,0.9109507187231138
toolshed,0.9107041953984119
promised,0.9095274014155379
misery,0.9093692456030935
ocean,0.9087230604750425
year,0.9073189743403886
purpose,0.9072805682122289
betook,0.9063353069141536
olaf,0.9054857141221146
hase,0.9054857141221146
yesterday,0.9047206084128425
torn,0.904041213222947
rock,0.9036270505359523
tiptoes,0.9021532320474328
sweeping,0.9020238549203012
cage,0.9014524102798556
pushed,0.9010417897849547
sadly,0.8994674707415855
darkness,0.8957917186034925
stared,0.8957890997855215
boiling,0.8954187329399548
pinched,0.8952292026846317
loaves,0.8944391200283268
softly,0.8919346773109204
duckling,0.8908419142355838
price,0.8904971017332621
crack,0.8897134296866981
firmly,0.8876774987642053
calls,0.8868455534489775
below,0.8853289617447361
loved,0.8850782879993778
wee,0.8842629590376008
eating,0.8823438113452489
mittens,0.8811087085193006
leading,0.8769355673904182
owl,0.8767908523642389
attentively,0.8755940171799257
shuddered,0.874031595759983
atwitter,0.8740266266049899
bringing,0.8739730403549719
rang,0.8735276104829734
cause,0.873016178605035
holding,0.872875404620479
suffer,0.8721861074250968
windows,0.8697330695766601
ugly,0.8692775196595093
pane,0.8675892469690307
groped,0.8674949690776814
getting,0.8666458389862128
hark,0.8660196002049007
vinegar,0.8655849120058902
sons,0.8640489155080147
bouncer,0.8638212182268876
chain,0.8632986801942428
beings,0.861327551219967
cages,0.8600505229043147
beaten,0.8593042744740835
moor,0.8585154111299368
prepared,0.8583805526982109
laces,0.8581170894065386
heated,0.8580705461500242
grass,0.8567166884903896
tangled,0.8567166884903896
army,0.8543602021729353
return,0.8537715668913538
ride,0.8534552243981276
tallest,0.852661964444094
creep,0.8522852296330077
enjoying,0.8521753492117801
leaf,0.850493400275218
sinner,0.8502612395774067
grant,0.8495215602088033
feast,0.8493362504878303
overwhelmed,0.8487092457603542
guard,0.8475362769448154
waters,0.8464817450564164
delay,0.8454095211004091
fortnight,0.8454095211004091
rich,0.8442673387479523
proud,0.8437090895908045
unpleasant,0.842806571573547
low,0.8425914457692154
request,0.8424610035300172
hopped,0.8411269073223496
fearful,0.8393692454937565
robber,0.8389433583611747
mysterious,0.8387989045171034
hour,0.8387630718203765
sighing,0.8383839345779329
prevent,0.837655992365549
firm,0.8374764027090167
howling,0.8370101032677864
obeyed,0.8358451637389473
sunk,0.8343861969826789
drum,0.8332544260517438
buried,0.8328091068659749
dragon,0.8305410915234213
use,0.8297969620494864
pains,0.8292981821050384
unfortunate,0.8289498314505098
stork,0.8274264889419272
fellow,0.8266785213989558
certain,0.8257697652353949
shiver,0.8254944195039111
bodies,0.8252880511074193
party,0.8241009677560917
noises,0.8230383635200673
vanished,0.8223952177576459
heel,0.8223740144267899
finished,0.8221341234291458
entered,0.8208075045062259
conspicuous,0.8193190202686778
crumbs,0.8190434900109158
sold,0.8177529152329108
peeping,0.8169166853372213
merry,0.8157959861795226
soot,0.8144259023591154
hug,0.8140315271924556
countryman,0.8138193130472158
easily,0.8130757176402211
names,0.8125517184985933
passing,0.8123707773092709
whilst,0.8123402860917037
sank,0.8116058326257756
lucky,0.8110614116883861
forget,0.8103350758369574
woke,0.809929407592614
bricks,0.8081290973950341
bake,0.808016912031654
fiddle,0.8080081831446124
awakened,0.80622618220599
deal,0.8056309549838208
dr,0.8034747651042284
maggotty,0.8034747651042284
lions,0.8008954975902249
living,0.8001610310517973
bewildered,0.798920082110766
belonged,0.7979166448797266
believe,0.7957364270871847
secretly,0.7936673797740863
cast,0.7936464911616732
thief,0.7919403483263003
followers,0.7914053611074172
directly,0.7899369580177247
tightly,0.7892812474627819
stirred,0.7884506268433165
handkerchief,0.7866560682310307
finish,0.78567830575412
wheelbarrow,0.7847346173904022
policeman,0.7846243032531046
goat,0.7846243032531046
unfit,0.7846243032531046
alexander,0.7837819096230532
spent,0.7836945529799983
bell,0.7834652915683074
frightfully,0.7827268851185859
cockchafer,0.7821543684184253
squeeze,0.7816865683511095
wing,0.7815948099788534
thank,0.7809418419420717
corpse,0.7799034670593248
buckwheat,0.7797765425262896
whistled,0.7787585369796122
stock,0.7787585369796122
warned,0.7778405463408569
cries,0.7768197715842683
guards,0.7767766831504292
paper,0.7752003079677359
rampion,0.7751174794626672
poly,0.7743641189218802
roly,0.7743641189218802
nickname,0.7735537858563813
jingling,0.7732717597145183
meta,0.7730460231017904
conscience,0.771933215440562
tie,0.7710042119914812
knights,0.7691379643498165
ripe,0.7689051841049006
overpowered,0.7677056313499014
swiftly,0.7673922273764291
cautious,0.7672041853120309
finding,0.7659480533042591
candle,0.7657591570808724
despair,0.7656580064207628
wet,0.7655744732203078
papers,0.7648185913897507
nearly,0.7646960338819202
clatter,0.764489834993684
nails,0.7624190188738785
thyself,0.7622366690953193
sunshine,0.761076741132825
loosened,0.7609562966620811
pretended,0.7608380343108254
messenger,0.7607324786048014
unawares,0.7595456563842888
protect,0.759387546171363
staring,0.7591932148707312
brings,0.75918439365041
hind,0.7591102954104958
gallows,0.758157590256206
late,0.7537369250522244
roebuck,0.7537075230616166
returned,0.753239467625843
natural,0.7522856344597565
exhausted,0.7508807254665402
comb,0.7504495218899454
unhappy,0.7501213394005543
rub,0.75004195994038
yards,0.7495719606978891
deeds,0.7495058865832696
bright,0.7474795852736997
breathe,0.7472432866652914
opposite,0.7471254333758386
inn,0.746964630586975
happens,0.7465755830460081
hollow,0.7464577026353227
funny,0.7447672077163705
stands,0.7436356238452848
nudged,0.7425550732997698
undecided,0.741935718793358
ones,0.7401746897971475
hen,0.739811802422971
croaking,0.7394711145835544
scrambled,0.7394527290275961
ginger,0.7380867446837369
repented,0.7377696590653857
especially,0.7373717112790641
beetle,0.7371815712840757
dismissal,0.7369599019747326
giddy,0.7368006781569993
experienced,0.736340643887655
ruled,0.735841880505578
hedge,0.7346024388730868
confident,0.7342352586615138
whatever,0.7339931233654833
catherine,0.7339129691543456
nowhere,0.7329429597878956
whatsoever,0.7315867211946042
careful,0.7313623224343375
closed,0.7312001045747752
pockets,0.7298032088448162
stranger,0.7285362143656433
repeated,0.7284636027292861
thoroughly,0.7272666783541624
spite,0.7272466971099764
snorting,0.7272372757142362
bid,0.7271198744217426
heat,0.7269861098982411
wreath,0.726256995042041
frogs,0.7262231177985534
crabs,0.726038098704578
deserves,0.7257245649304006
single,0.7255602808642121
uproar,0.7243975716955591
reward,0.7243434208284474
fluttered,0.7234514293533488
brook,0.7230863232404927
noon,0.7214332222001363
virgin,0.7206932297319117
groaning,0.7196887784443915
fermenting,0.7184494104648913
explain,0.7171347742559048
recover,0.715725634911856
sad,0.7154672313188721
view,0.7154088040655862
farmer,0.7153822131288904
afar,0.7151255120045252
panic,0.7146324882478471
bark,0.7143890729989695
silken,0.7142212965397684
judgment,0.7141951077630986
accompanied,0.7134518847639122
silk,0.7132856924977786
shoulder,0.7129160222488287
foolish,0.7123794565301615
forbid,0.7117460590923355
guests,0.711713080842386
fixed,0.7116133914048395
crow,0.7111375206921791
bind,0.7109784123945062
tunnel,0.7109580725982475
lover,0.7107947147526972
compassionate,0.7106622940450401
real,0.7102303735957323
injury,0.7101606114784438
crosses,0.7098013007411776
hills,0.7095123636184539
overtake,0.7094512005908875
befall,0.7090207167480669
form,0.707981840312051
confusing,0.7073222664389425
kribbling,0.7071067811865476
krabbling,0.7071067811865476
talers,0.7068934128983508
therein,0.7055109280856531
square,0.7050670565526647
hesitated,0.704495793865012
buy,0.703930149777094
daughters,0.7036818600344665
musician,0.7035095633367393
quack,0.7033987680736367
wealth,0.7030890028438401
mean,0.7030518007748832
stunned,0.7022741961804037
turning,0.7022057464252844
cutting,0.7022057464252844
appeared,0.7013799944179503
lippity,0.7008984193613557
bears,0.7000634472480023
vegetables,0.6993493991565699
mast,0.6983523540182122
entreated,0.6980637032095982
prison,0.6975789491488911
swallow,0.6973648077173698
donkey,0.6973482909236167
minutes,0.6967108348378757
stars,0.6966938132053397
badly,0.6962505368805856
latter,0.6961796773688474
throughout,0.6960808859714802
talking,0.6959998551380651
meal,0.6958809974130025
hiding,0.6955492897526652
porch,0.6951236185538456
seashore,0.6943973721162279
boar,0.6941912841620568
flour,0.6939989452392675
scythe,0.6938914614892513
tops,0.6933305804603938
lives,0.6929623459079437
cobwebs,0.6919329417931576
fighting,0.6917018679489999
snoring,0.6906048383016599
tongue,0.6903320765121654
braying,0.6899455006996018
wherever,0.6896413468476614
carrying,0.6887004391757616
spoken,0.6885970099577245
ladies,0.688221665846005
start,0.6881958894154416
build,0.6870031029946089
rings,0.6862855255547816
loss,0.6857331673363471
cinder,0.6850849516575969
fluttering,0.6850282076790681
altar,0.6849316802912775
gutter,0.684636613815015
beware,0.6845735810295162
spinning,0.6843444503333884
snow,0.6832041657732849
demanded,0.6820884367479365
ducat,0.6818670180946104
twisted,0.6817658786525448
bottle,0.6803261711340616
scattered,0.6801793136893133
leathern,0.6798347596853247
stoke,0.6795782125557119
babies,0.6794414138071445
hare,0.6786571123350948
gazed,0.6779230444448807
baby,0.6774893356311542
pan,0.6749767207047586
plucked,0.6747114266704011
pull,0.6737886466985709
mine,0.6733619653976911
footsteps,0.67178707952463
sake,0.6713271072828484
colours,0.6710160364593583
downstairs,0.6706239312487716
undone,0.669436775528218
heap,0.6692776559108324
broad,0.6689331451412562
wiped,0.6680951680617011
ashamed,0.668064555721539
rushing,0.6667677853632293
row,0.6663930374647936
fastened,0.6659799114393791
gnat,0.6656812740023738
allowed,0.6647201984027207
landed,0.6645219648333445
since,0.6635396605077629
superstition,0.6631537065923924
knocking,0.6627575232219023
quantities,0.66235815457929
student,0.661655299851829
enchanted,0.6616022128332334
stories,0.661234675767763
clammy,0.6602812326658407
beating,0.6599662923424929
throng,0.6598841229154107
eternally,0.6598052449140305
marched,0.6597912288490662
sorrows,0.659717279726904
thin,0.6582218711605603
rooms,0.6579013073085287
wash,0.6575611093493297
nimbly,0.6565143665212664
thirsty,0.6563672067542845
midst,0.6563587453812346
uttered,0.6560292983784213
grand,0.6553229843939162
gun,0.6550054188885812
swan,0.6540064938898822
floated,0.6535760660784623
mischance,0.6534581639365116
learnt,0.6532174366742286
buckets,0.6527472374593122
distress,0.6524135095096086
gladly,0.6516768368187955
fun,0.6514454137675674
hurrah,0.6514454137675674
distrusted,0.6507279051321511
huckster,0.6503474319582201
wise,0.6486176025131283
favoured,0.6486040490295764
thanked,0.6485368845927393
hunter,0.6481673905177587
charming,0.648120383142679
grim,0.6480691891565666
joined,0.6479800336656523
fainting,0.6464285862433461
moist,0.6463164117123764
pin,0.646242697804018
ye,0.6461433404593457
waiting,0.6456311421639791
welcomed,0.6456073423073021
boldly,0.6446898688223769
presence,0.6446208611466706
blows,0.6445751376751614
nearer,0.6428719679993607
bade,0.6427701788185848
arrive,0.6426460106443956
ourselves,0.6424979016334491
soul,0.6424936348853465
meat,0.6424638254498539
equally,0.6421900650679847
played,0.6419255245384562
paid,0.6419189980117266
desert,0.6418474520413243
bull,0.6415555754298335
midnight,0.641389012068805
thorns,0.6407871604641091
inquire,0.6403455474789268
idle,0.6396846994599843
stayed,0.6395801505186924
longed,0.6392446599655895
warn,0.637742568208376
yonder,0.6370193167498708
flung,0.6363326115299254
perceived,0.6338072661341457
swim,0.6333974086236377
blew,0.6320059865427096
cabbages,0.6307653100678957
meaning,0.6306276540323069
betrayed,0.6305836384610382
jumping,0.6305351718461674
revealed,0.630124575765955
thicket,0.6297011082050603
burden,0.6291304135765906
marito,0.6290169356601651
sheep,0.6289074694484078
joy,0.6286438344648981
landlord,0.6279413468654829
reply,0.6277617771485395
fancy,0.6275217832125037
stool,0.6273794643454805
scrape,0.6268697989832492
dove,0.6268496951676712
ship,0.6267443634963868
intention,0.625850782090201
job,0.6253747450829911
catch,0.6253747450829911
shapes,0.6248306494831251
kicked,0.6245643431852403
hardly,0.6244164699300274
sleepers,0.6242421266981604
message,0.62379274803872
cheeks,0.623434479948815
nuts,0.6233620585567664
lips,0.6231452789459262
couldn,0.6226096500374113
behold,0.6212475588880924
lake,0.6201949471566377
madame,0.6198467625170218
dainty,0.6192499589927525
odd,0.6191476695601931
peril,0.6188504806402494
proudly,0.6185811747447845
shivered,0.6178595355554318
nutkin,0.6172912054629497
waistcoat,0.6172912054629497
somewhere,0.6167820541348037
fancied,0.6163332104472115
crown,0.6161341760331869
increased,0.6154329939472423
parsonage,0.6154055225928436
announced,0.6150384005441794
hatchet,0.6150278158761545
fishpond,0.614057405636919
kettle,0.6134721325622998
imagine,0.612566234361757
turtle,0.6116995446766083
couch,0.6105437210710436
sins,0.6104762356305062
written,0.6104178780370249
thick,0.6099964101907117
remember,0.6097875041746019
discovered,0.6090603985148931
winter,0.6090419946571398
mighty,0.6086501892789595
branch,0.608511634372736
bunny,0.6072799858933111
streak,0.6071972543216215
kiss,0.6071496306416229
pitter,0.6064487834335331
sighed,0.6061501676144733
limbs,0.6054351279035677
desperately,0.6047812846068596
inclined,0.6047812846068596
northern,0.6046473414289437
stooped,0.6046038982556908
mackintosh,0.6043513991604093
tremble,0.6041010274365286
warriors,0.6039346897653857
stillness,0.603025470724023
crushing,0.6027763738497829
cracking,0.6027763738497829
company,0.6025890484902732
reality,0.6025616203953705
settled,0.6016285776119294
pail,0.6016258823321039
rascal,0.6011546760096808
picture,0.6004522885667662
echoed,0.6001179866918794
convent,0.5993629048342921
bargain,0.5991098314226657
size,0.5988790291103896
maria,0.5987798428861473
anna,0.5987798428861473
arrives,0.5982426854921762
chinese,0.5980256634312996
hereupon,0.5979787777161025
faithful,0.5961422060153838
endure,0.5961086906362499
trunk,0.5955686036601151
ascended,0.5953150590588253
actions,0.5951311089721051
quarter,0.595009754461355
snips,0.5948643104951574
horses,0.594624124862108
darning,0.5937021970690828
cords,0.5934588902188743
tu,0.5930632735886153
whu,0.5930632735886153
ante,0.5929723373821401
box,0.5924468967054266
frightening,0.5922963041868261
conquered,0.5922713271450846
hesitate,0.5916594606951199
devil,0.5914190646887835
jam,0.591128374477372
brink,0.5907873187378119
geese,0.5903553317556036
shell,0.5901227447991001
chicks,0.5895799631943833
awake,0.589061565945755
number,0.5890536738273663
counsellor,0.5885411702073834
talk,0.588078281488525
wander,0.587898701549931
ails,0.5871222530056834
change,0.5867462554108542
refused,0.5863004016738111
cup,0.5858266679002322
anyway,0.5857414012703384
present,0.5846920052768266
bigger,0.5844841326760826
dame,0.5842695573894308
circle,0.5835196302196555
swam,0.5833598297437417
wonderful,0.5830096394627862
chinaman,0.5821581563260633
pleasant,0.5802811418040184
treasures,0.5798012630015799
sentenced,0.579540558776487
overset,0.5793840475246423
spirit,0.579288981697061
shuddering,0.5789565979629114
dread,0.5780621641818491
clapped,0.5779990356960318
letting,0.5770962792751269
pain,0.5765824746935639
flea,0.5752481188248519
brown,0.5751294351345345
preparations,0.5746761935329017
backwards,0.5745423027920997
forwards,0.5745423027920997
built,0.5736503242186146
direction,0.5729289408572902
planks,0.5723620161838935
jug,0.5722600528761662
wax,0.5719052245826808
sneezed,0.5707891526443036
kertyschoo,0.5707891526443036
thunderstorm,0.5707549416116015
chippy,0.5706039380567015
hackee,0.5706039380567015
signal,0.5704214218813151
adornment,0.5703449390783585
limb,0.5703449390783585
flue,0.5699647964513723
plot,0.5692489163015206
crafty,0.5690915219546568
police,0.5687993276553308
foam,0.5679627807629912
shot,0.5678137451234635
chop,0.5670599519316968
moss,0.5668094808583949
peep,0.5667618897631228
veal,0.5665593639028588
seated,0.5661894170444323
surprise,0.5657177272621613
store,0.5657177272621613
hinder,0.5652985302567066
drawing,0.565285817737422
raging,0.5652088703445631
required,0.5648721850032083
beds,0.5638523776590129
candles,0.5628206845872623
eagle,0.5627540896869155
corn,0.5626712954092911
provision,0.5619945768507567
john,0.5618139939626602
joiner,0.5618139939626602
commenced,0.5613504921496065
canal,0.5594153308738826
salt,0.558930589862053
bolted,0.5587403609110816
stamped,0.5587403609110816
fourth,0.5584011125256161
hop,0.5582228018645728
hullo,0.5579730971959639
striding,0.5572968933069983
kernel,0.5571785949683665
objection,0.5558839814124331
woods,0.5557914372394188
hoeing,0.5555320506053111
crowd,0.5553701551131168
tumbling,0.5542809910103301
reaching,0.5542098357033279
lovely,0.5539615743659676
ploughed,0.5522278531787143
beheld,0.5517924722026154
ceremony,0.5517426600850146
misfortunes,0.551288928691916
throne,0.5511951034478064
preserve,0.5508320663850453
spoon,0.5507549700529731
plate,0.5501754396466778
delicate,0.5501342108349319
wooden,0.54926865353559
worth,0.54837762817542
hither,0.5478421912807089
south,0.5470906722258723
famous,0.5466995161710931
rising,0.5455036971139344
join,0.5427298097163582
glanced,0.542668950150829
squirrels,0.5406051159455982
dairy,0.5401239981806514
pockethandkerchief,0.5399692148417189
lamps,0.5399214335809998
balls,0.5395297324477829
porta,0.5394422381071295
rosa,0.5394422381071295
lifeless,0.5394422381071295
lighten,0.5389473419572424
bawled,0.5386099367708903
broom,0.5384293642989679
frantically,0.5384293642989679
arises,0.5374790522568651
unknown,0.5369521773314617
persons,0.5369241215946261
gradually,0.5365347254386502
smeared,0.5355062443224029
keeping,0.5354358889775186
cows,0.5342882399302733
awful,0.5340469906966127
unseen,0.5340174126804951
clear,0.5334438225822872
delightful,0.5307987481402583
overrun,0.5307614800182608
parted,0.53071364443625
moved,0.5292827855842106
unwilling,0.5288906757922838
foreign,0.528756935429159
bow,0.5278874579852275
twice,0.5277791343049594
coach,0.527418609891824
train,0.5271909709668463
bite,0.5264052979473347
watching,0.5261737423954355
fawn,0.5260586052278727
whirlwind,0.5250827311983787
combs,0.524467808713255
suppose,0.5243407313892366
sunday,0.5232014660043787
lot,0.5230238938172189
trap,0.5230083083789138
fill,0.5227914271311607
clothed,0.5224442586732384
proposal,0.5214098093387981
putting,0.5201215516163985
reflection,0.5195012513818092
tonight,0.5194529841285785
flee,0.5194529841285785
answering,0.5191455400691101
taller,0.518855261529012
damned,0.5186133179303449
silent,0.5176520371613991
extinguished,0.5171677932347558
aside,0.5171109488307886
reason,0.5170625646326918
hush,0.5165462665859378
wakened,0.5164167101892819
boards,0.5163906706226837
pursue,0.5161482062418905
suspiciously,0.5158321686116548
hoarse,0.5154374363964748
besides,0.5131446478549289
receive,0.5127610539518802
enchantment,0.5127418804445255
smoked,0.5109646021158513
creeps,0.510949102198244
hides,0.510949102198244
sensation,0.5103901848135356
glittering,0.5098866877702246
refresh,0.509841624874742
strengthen,0.509841624874742
fears,0.5084477428906532
answers,0.5084477428906532
windowsill,0.5081418429984772
dong,0.5073233214125548
ding,0.5073233214125548
cared,0.5068969906947413
departed,0.5068969906947413
desired,0.5068815892084858
difficulty,0.5066105968983144
exclaimed,0.5064914821169412
pretending,0.5064914821169412
lose,0.5064248208517071
worst,0.5060280855611575
pushing,0.505923507353626
omen,0.5054731469137651
marleen,0.5050562082793177
pure,0.5032529160238534
dumpling,0.5026950503348301
scratched,0.5007414945445545
brass,0.5003337715787821
wailed,0.4998409377464858
favour,0.4991912066285579
mistress,0.49850528113439774
desperate,0.4981793968314628
rustling,0.49783198469617307
steal,0.49723834352780677
tall,0.4969967688909762
shaking,0.4967910900478355
noble,0.49671533608393525
prevail,0.49659150980959976
kinds,0.49579304682300734
wringing,0.49469536530783625
trampled,0.4946341640797536
hangs,0.49390403366632196
cans,0.4932287180992058
peering,0.49286765257949333
lodging,0.4927232611692775
starve,0.4927232611692775
completely,0.49267577780100397
teacups,0.4922535453568
poured,0.492168897465953
dew,0.492168897465953
penny,0.49215162147473407
daytime,0.4920588338128115
kate,0.49196276611958906
wonder,0.4918956169873492
ribs,0.4918956169873492
undertake,0.4917828774338763
driven,0.49098060025280355
trinity,0.49081335481503363
splendour,0.49081335481503363
scarlet,0.4906101881790995
wriggling,0.49000169094031376
snored,0.489925071429838
waved,0.489925071429838
forms,0.4897269974617796
gently,0.48933714239019743
stammered,0.4886412083359626
quartern,0.4886412083359626
kills,0.48861108236062467
clouds,0.4884789978112477
gentle,0.4884033213325046
meanwhile,0.488281695186351
homewards,0.48679126112821247
fisher,0.48665237075244916
trust,0.48665237075244916
waded,0.4863372911052835
sideways,0.4863372911052835
inches,0.4863372911052835
limped,0.4855697405368956
approaching,0.4854394759400593
broth,0.48477163620117697
thunderstruck,0.4846564059964422
volunteer,0.4842168695636244
lean,0.4840777603112362
aunt,0.48351923702855343
pettitoes,0.48351923702855343
lively,0.48350284602842214
doings,0.48350284602842214
decidedly,0.48350284602842214
undo,0.48328880704802357
flopsy,0.48328880704802357
mad,0.48247894601560953
afternoon,0.4824689164459258
warming,0.48216167509060975
handed,0.4801582096660104
awakening,0.4793870024482827
anguish,0.4793870024482827
repent,0.478114877455024
washing,0.4779924894112667
beginning,0.4777803195067012
dub,0.4777390288142833
sticks,0.4777390288142833
stockings,0.4775849874884433
nose,0.4763979946254367
lengthened,0.4763979946254367
visibly,0.4763979946254367
timmy,0.4762591939384794
figure,0.4762591939384794
goody,0.476250590547697
duster,0.4754893368254377
tosses,0.4754893368254377
ties,0.4754893368254377
verbal,0.47538391668374247
accept,0.47538391668374247
disposed,0.4749325627240082
disclosed,0.4749325627240082
project,0.4749325627240082
silenced,0.47343224626261254
mystified,0.47192717076069274
innocent,0.47072005808480155
visit,0.47060238422328093
snail,0.4701513373288498
apoplectic,0.46969691193832747
grin,0.46969691193832747
snores,0.46969691193832747
mantle,0.4693285760470437
unhappily,0.469132243748583
playthings,0.4687809645240707
compelled,0.4684923884028637
shop,0.46841400542864164
stuffed,0.4681864762686675
wouldn,0.46791152413415416
choking,0.46760264588539424
ve,0.46702869964362603
reflected,0.46678264610163045
awkward,0.46678264610163045
finest,0.46610446515884346
crawling,0.4660437862605966
fowl,0.4660437862605966
determined,0.46570048752502274
hissed,0.4650450304422733
breathed,0.4650450304422733
council,0.4644748310668748
guardian,0.46440991217060734
sweetly,0.4641142711825428
venerable,0.46402052702078966
age,0.46402052702078966
crippled,0.46402052702078966
wondering,0.46344845499425114
longing,0.4617570371381427
fruit,0.46118280710797654
picking,0.46107591121029623
ghost,0.46077186177216467
deceased,0.46077186177216467
shouted,0.4600117679670918
squirmed,0.4596976665243305
reverence,0.4591505325729678
hi,0.4591505325729678
croak,0.458732957038558
assembled,0.4584180093932232
seemly,0.45802713345397295
creatures,0.4578859959148349
counselled,0.45764315922040344
worthy,0.45764315922040344
match,0.4573832547247278
rip,0.4573214330480821
push,0.4563741558704049
plank,0.4562656028463637
uncertain,0.45611321230492674
preacher,0.45602707300232526
explained,0.4560210123747163
patty,0.4560210123747163
unlock,0.45561971357971587
irretrievably,0.45380501293053804
burst,0.45380501293053804
expected,0.4537890876677686
innkeeper,0.4537890876677686
needful,0.4537221935081175
cloudy,0.4536718619854136
undoubtedly,0.4535494771198633
clods,0.4535494771198633
entire,0.45335097761811904
nursery,0.4532879241527235
dolls,0.4532879241527235
bless,0.4523145694207846
stays,0.4523145694207846
laced,0.4523145694207846
letters,0.452230105172579
heartily,0.4511157427541268
kep,0.4507014354217486
collie,0.4507014354217486
involuntarily,0.4504258714563018
served,0.45034133939947696
legend,0.450090142560561
castleyard,0.450090142560561
smelt,0.44981680783893263
unwell,0.44981680783893263
dismissed,0.44968590707570655
innocence,0.44968590707570655
darting,0.4491258101133463
admitted,0.448589692384041
tub,0.4474985126890679
attack,0.44677458955654575
armed,0.44677458955654575
darkest,0.44646929835165344
deepest,0.44646929835165344
nests,0.44595938201181085
earls,0.44578829809755005
dukes,0.44578829809755005
naked,0.44539594610281746
bale,0.444752211581113
condemned,0.44463806763173425
carelessly,0.4445977421976607
blaze,0.4445977421976607
shrieking,0.44411933939435305
procure,0.4440021437801768
cloven,0.44397338107336853
washes,0.44397338107336853
flowed,0.44397338107336853
palings,0.4436409530150413
handsomest,0.44269272234542334
hasty,0.4422488855906694
winds,0.4412735981791227
switzerland,0.4410951468841601
anxiety,0.4410951468841601
prevents,0.4410951468841601
pay,0.4408292207193072
scour,0.44081320698250326
laboured,0.4407278603906709
roaring,0.4396111453559733
deeper,0.4391103991434006
avail,0.43855576947681185
gown,0.43764015540863155
shared,0.43762932464346965
deprived,0.43751970728458733
giuseppe,0.43735177149791105
waddling,0.43734050454419227
curtains,0.43721732445249617
strong,0.43719411720572143
weeping,0.43704117244722435
remorse,0.43704117244722435
sped,0.43698364447381116
informed,0.43654747967040003
warrior,0.43654747967040003
moaning,0.43645876783478643
lid,0.4364414847477694
piperson,0.4362284453478382
shout,0.4362284453478382
lamb,0.4348300903858419
justice,0.43470441434060314
necessity,0.43470441434060314
whosoever,0.4346926188381781
decree,0.4346926188381781
pardon,0.43445511587142216
greatest,0.43445511587142216
consent,0.4340147564331372
witness,0.43393077647250844
cards,0.43383418043271044
upsetting,0.43373757444907596
plants,0.43373757444907596
christening,0.4335630267505613
glorious,0.43253747500619505
tweet,0.43246984185450765
errors,0.4319934846667888
existence,0.4319934846667888
arno,0.4318646145371769
wore,0.4311526499054019
bidden,0.43084861480293135
remains,0.43073465998390376
pill,0.43060822870811233
hideous,0.43048743979349735
shy,0.4303851398654508
question,0.4303851398654508
garter,0.4303851398654508
naturally,0.4303851398654508
dried,0.4290740174003517
circulate,0.42818846985980014
rubbed,0.42818846985980014
gates,0.42813454913925997
sentries,0.42813454913925997
avoid,0.42813454913925997
greater,0.42813360688868934
befriended,0.42778478711571033
provided,0.42775999183494817
lo,0.4271993570099275
approached,0.4271993570099275
potatoes,0.42689580039335273
district,0.42624852139512737
sorrow,0.42624852139512737
dismay,0.42624852139512737
spindle,0.42590802724241833
fatigue,0.4257142360312469
glove,0.4255731844433194
tuk,0.4255658030369773
contrive,0.42550275180881864
friendly,0.4249939113475518
whiskers,0.424759724814732
tearing,0.424759724814732
proposed,0.42407553105648865
turkish,0.4240189939691544
prospect,0.4236648953962242
consequence,0.4236648953962242
margin,0.4235084322878866
underground,0.42200347905836294
dangerously,0.4217584034362054
horizon,0.4215298459309146
disappears,0.4215298459309146
expression,0.42135394524752173
horns,0.4212568032833652
resigned,0.4212568032833652
wilt,0.42118124083568376
stick,0.42067829630328224
furrows,0.4205087973239609
christened,0.4205048883705225
weak,0.4205048883705225
gift,0.4204944513212113
unwrapped,0.4204944513212113
animal,0.4202246804378883
wondrous,0.4202246804378883
secret,0.4202246804378883
comer,0.41935135224999776
sworn,0.41935135224999776
fever,0.4193347416405023
alternately,0.4193347416405023
noticed,0.41911175651580385
quarters,0.4191007660498763
lame,0.41830468800150195
hadst,0.4181960268569202
thine,0.4181960268569202
pursues,0.4181063949565518
malice,0.4179571087559138
neighbourhood,0.4179571087559138
mockingly,0.4179571087559138
witty,0.4176827114354937
scoop,0.41678915795044386
fishing,0.41668724075306723
rod,0.41668724075306723
bristle,0.4166860872908977
customers,0.4158710859957364
decision,0.41550686679827464
plough,0.41535563737902026
woefully,0.41502744478992
struggle,0.4146853238343137
dandelions,0.41467136009042666
afflicted,0.41467136009042666
parent,0.41467136009042666
root,0.4145294023018658
attendance,0.4137249857527307
saved,0.41355195324004346
kneaded,0.4130227576014413
goodbye,0.4130181208290858
pigeon,0.4130181208290858
disagreeable,0.4116833717312438
armour,0.4114499124357031
faces,0.4114499124357031
lambskin,0.41122000985680335
usually,0.41122000985680335
glared,0.4109019430556519
jaws,0.4109019430556519
munca,0.4108639527468146
hearthrug,0.4108639527468146
hunca,0.4108639527468146
thumb,0.4108639527468146
slumbered,0.4107690922596485
quarrel,0.4105737988147658
strikes,0.4105737988147658
lolly,0.4103317876499375
pops,0.4103317876499375
rough,0.4102818215490648
wretch,0.4102818215490648
disguises,0.4102818215490648
sour,0.40956090988705346
cinders,0.40956090988705346
nodding,0.40841467803419856
shells,0.40831040766461085
crab,0.40831040766461085
mewing,0.408288790779196
riding,0.40811258810114703
glasses,0.4081108498799181
minister,0.4081108498799181
exceedingly,0.4081108498799181
surely,0.40799901900364066
bewitched,0.40799901900364066
meats,0.40739237408297685
furniture,0.40711540347419956
truth,0.4070931803981943
fellows,0.4070131001829522
barking,0.4069762092288574
listeners,0.4069145152396626
pleasure,0.40688251004100956
observe,0.40688251004100956
alarm,0.40638214328480016
flurry,0.40638214328480016
walled,0.40628142721229193
sleepless,0.40628142721229193
thickly,0.40628142721229193
listener,0.40628142721229193
unwonted,0.4061179237519379
christendom,0.40437668656821624
bushel,0.40383204553859015
florins,0.4036937134045336
hint,0.403534976914436
fainted,0.40351495804621806
bedroom,0.4032848417683114
foliage,0.4031002832756449
commanded,0.4030586166907224
bitterly,0.4030586166907224
mewed,0.4030114823844822
distracted,0.4030114823844822
ailed,0.40297060124298895
accord,0.40253297610647915
perceiving,0.4025115010604769
mew,0.40216337965897125
clerk,0.4012838294981499
pocketsful,0.40127175772295964
threshold,0.4002939204025892
fifty,0.4000969870019635
nightingales,0.3999087068002356
mounted,0.39946793283914644
beloved,0.39946793283914644
occurred,0.39916514698343986
unbolted,0.3979550728684448
sort,0.3979550728684448
durst,0.3977359586980389
slice,0.39746623965721933
nevertheless,0.3972716436631845
damage,0.3971062537278456
spark,0.3971062537278456
moorland,0.3970769343054952
careers,0.3970769343054952
chicken,0.3970146324039935
prudent,0.3966727965136908
freshly,0.3966727965136908
sedate,0.3966727965136908
crumbled,0.39630660367182957
morsel,0.39630660367182957
armchair,0.3961327085300354
growling,0.395718987436806
gallery,0.395525198972298
rim,0.395525198972298
dishes,0.3946086422008263
plates,0.3946086422008263
rogues,0.3946086422008263
stare,0.39457035747342456
log,0.39426774518872953
glancing,0.39426774518872953
uneasily,0.39426774518872953
fortunate,0.3936680632263714
maidens,0.3935645070396629
tones,0.3935532563516764
bars,0.39338759815740576
parsons,0.39338759815740576
indignation,0.39266387973485817
forsake,0.39225659253263845
tatters,0.3918255446359982
moreover,0.39019445461676955
ordeal,0.39019445461676955
loves,0.39011586594382625
runs,0.39011586594382625
chains,0.3898310745751802
dungeon,0.3898310745751802
chanced,0.3898310745751802
loaded,0.3898310745751802
lift,0.3890052097395304
charge,0.3890052097395304
utter,0.3889248406138278
outskirts,0.3888055792788928
hoping,0.38869614110558753
reasoned,0.38869614110558753
soothe,0.38868795320823174
heels,0.3885055868565803
touch,0.3879214459356745
pedlars,0.3879214459356745
wits,0.38689660565580775
crushed,0.38689660565580775
strangers,0.3865206714855903
splendid,0.38632675316217896
lots,0.386231768919639
aged,0.3859824464836932
pastry,0.3845375020091249
biggest,0.3841128580392302
disturbing,0.3839216758528633
plant,0.3837818924517099
swineherd,0.3837818924517099
haunted,0.3837148852807207
punishment,0.3836180533340667
delayed,0.3836180533340667
heed,0.38360209265601547
flashed,0.38353513948739254
priest,0.38331411144759464
retire,0.38331411144759464
counterpane,0.38330560470067454
minutest,0.38249757743673723
detail,0.38249757743673723
yielded,0.38157568625549454
garment,0.38133585754007415
choke,0.38095120018912604
entreat,0.38095120018912604
nurse,0.38050600706889515
tails,0.3803198032672143
grated,0.3801812991514123
stable,0.3801812991514123
shrivelled,0.3801812991514123
ventured,0.3799863358015846
depths,0.37944648587985624
trod,0.37936108546598635
stretch,0.3775693359581199
pastor,0.3775693359581199
stepmother,0.3772806100130868
clambered,0.3767074945783791
gloom,0.3767074945783791
trunks,0.3766861980678826
slender,0.3766861980678826
lopped,0.3766861980678826
bare,0.3766861980678826
distinctly,0.37663028975877677
shivering,0.37594144485042863
shook,0.37594144485042863
pleaded,0.37582774900454186
sticking,0.37540487161103786
rayless,0.3749228096545188
hew,0.37434126737731344
false,0.37434126737731344
valuable,0.37422563505493917
flight,0.37422563505493917
tempted,0.3738780695133756
powerful,0.3736511897817881
senseless,0.3736511897817881
poison,0.3736511897817881
vices,0.37318753224707646
shallowest,0.37318753224707646
virtues,0.37318753224707646
conceals,0.37318753224707646
backing,0.37260518867233094
pulse,0.37260518867233094
sidled,0.37260518867233094
magpie,0.37260518867233094
nostrils,0.3721113501975227
steeds,0.3721113501975227
flashing,0.3721113501975227
galloped,0.3721113501975227
brake,0.37203803840741956
lifting,0.37203803840741956
flood,0.37203803840741956
covering,0.37203803840741956
thousand,0.37203803840741956
gunpowder,0.3711337163820332
kindly,0.3706899925688218
active,0.37033119234105666
humored,0.37033119234105666
canteen,0.37033119234105666
murder,0.37011024681015087
spectral,0.36986568712148005
silently,0.36986568712148005
moonshine,0.36986568712148005
apparition,0.36986568712148005
shadows,0.36986568712148005
flitted,0.36986568712148005
striking,0.36947227149145656
calm,0.36936106746111663
fortune,0.36929506021776975
fourteen,0.36885870926230935
forgot,0.3687044827242089
bushy,0.368668899031895
plume,0.368668899031895
woe,0.3685741503594125
begone,0.3685741503594125
flow,0.3682594228210121
lament,0.3682594228210121
ridden,0.36817792949085815
brisker,0.36777394978501854
bobbins,0.3677054606551039
beam,0.36677679081539977
heeled,0.36677679081539977
helm,0.36677679081539977
ends,0.36677679081539977
troubling,0.36661666428797424
snapped,0.36609175849413406
trance,0.36529525693762654
sprinkled,0.36384132951662834
clothing,0.36384132951662834
patronized,0.36341431823129855
constraint,0.3632595503951908
eleven,0.3632595503951908
dreaded,0.36258879640941316
helpless,0.3624902777508461
flapping,0.3624902777508461
sting,0.36242474372385686
settle,0.36242474372385686
orders,0.36242474372385686
hornet,0.36242474372385686
mill,0.361352015949495
accident,0.36111144211549423
befallen,0.36111144211549423
origin,0.3610857545743177
overcome,0.3610857545743177
thoughtlessness,0.3610857545743177
treat,0.361029838874059
matters,0.360970164422383
advisable,0.360970164422383
personally,0.360970164422383
inch,0.36073337613962586
casket,0.3607137447170577
dazzling,0.3607137447170577
health,0.36039487372552065
butterfly,0.36028832174535097
resumed,0.36011979559923263
thousands,0.3599920746143144
slumbering,0.35911310936754576
realized,0.35911310936754576
exist,0.35911310936754576
troublesome,0.35911310936754576
wave,0.35875036542593974
darted,0.35875036542593974
attentive,0.3585484145273828
tossing,0.35847984248155523
heaving,0.35847984248155523
vessel,0.35847984248155523
fro,0.35847984248155523
darkly,0.35847984248155523
artillery,0.3583148592746967
rush,0.3583148592746967
roar,0.3583148592746967
conscious,0.3583148592746967
named,0.35813266798952365
joyful,0.3579584651617204
skies,0.3579498985206036
mists,0.3579498985206036
latch,0.3578896032799793
devoured,0.3578896032799793
scarce,0.35778559415646316
reaches,0.35778559415646316
fairest,0.35767568829683044
likes,0.3576318112536761
quilts,0.3576318112536761
pillows,0.3576318112536761
bitter,0.3572756030032602
fern,0.3572756030032602
pauper,0.3572756030032602
examined,0.3572487978474386
critically,0.3572487978474386
spider,0.3572487978474386
except,0.3572487978474386
lath,0.3570069962894471
fusty,0.3570069962894471
stuffy,0.3570069962894471
plaster,0.3570069962894471
rafters,0.3570069962894471
remembrance,0.35692745250753705
recollect,0.35692745250753705
circumstances,0.35692745250753705
brow,0.35692745250753705
recital,0.35673695373240516
bridegroom,0.35673695373240516
dwelling,0.3566458838533438
cost,0.35662609012602386
sooner,0.35662609012602386
crouched,0.35627532157912606
dresses,0.3558879734511719
shabby,0.3558879734511719
quieted,0.3558730300128269
footed,0.3556458451903052
cunning,0.3551102231788511
general,0.3551102231788511
mannikin,0.35507855334244276
minute,0.3543655237026152
wanting,0.35423350117069624
satisfy,0.35423350117069624
popped,0.3531472662694838
appetite,0.3524645118703606
earwig,0.35231750704605974
ditch,0.35231750704605974
slip,0.3520972417696777
sandy,0.35198325336072217
husbandman,0.35198325336072217
sharply,0.35196919891950557
trying,0.35182147878235254
grieved,0.3517752227164311
bonnet,0.35169938403681833
manor,0.35121668141412293
hoops,0.35113319553047917
squeals,0.35113319553047917
trough,0.35113319553047917
roared,0.35008093878574975
horrible,0.34988679847477916
becomest,0.3497791094725375
thy,0.3497791094725375
bridal,0.3497791094725375
speed,0.34935610542953827
wheel,0.3490395878149054
whirled,0.3490395878149054
helped,0.34881224966633934
safely,0.34881224966633934
whipped,0.34870356098640987
surgery,0.34870356098640987
cart,0.34870356098640987
bites,0.3484250173177955
wither,0.3482304105588411
begins,0.3482304105588411
scorches,0.3482304105588411
stranded,0.3480598770950253
spare,0.3480598770950253
coast,0.3480598770950253
spared,0.3480598770950253
slumbers,0.34805246147365615
absent,0.34805246147365615
curling,0.34790410305783964
ridges,0.34790410305783964
colour,0.34790410305783964
overspread,0.34790410305783964
troubled,0.3477682248686459
earn,0.3477682248686459
families,0.34765727386708706
eel,0.34765727386708706
disturbance,0.34765727386708706
farmyard,0.34765727386708706
intend,0.347265432181483
houses,0.3472385797155224
roguery,0.3471312395919673
suspicions,0.3471312395919673
skill,0.3469212195361401
guess,0.3469212195361401
collected,0.34683652357787886
huge,0.34683652357787886
bargained,0.34625393039862323
prophecy,0.34625393039862323
pounds,0.34608029631900544
feelings,0.34608029631900544
recovered,0.34608029631900544
berries,0.34599646158007585
tapped,0.3457019597057931
theatre,0.3455618314538338
requested,0.3455618314538338
stamp,0.3455618314538338
gratified,0.3455618314538338
applaud,0.3455618314538338
spies,0.34547993221400547
chief,0.34547993221400547
commander,0.34547993221400547
quarry,0.34512239038287224
language,0.34512239038287224
knave,0.3449944856672307
showed,0.3449944856672307
skirting,0.3446749728790648
mark,0.3446749728790648
wounded,0.3443976418070435
entreaty,0.3430561162097211
aloud,0.34299604433466657
shutters,0.34286537696455205
bathing,0.34243118848673965
uncomfortably,0.34153637073499876
currant,0.3410732985079988
brilliant,0.34076547041291994
pattern,0.34076547041291994
shelf,0.34049885938259294
jar,0.34049885938259294
pans,0.34049885938259294
halfway,0.3391389308437358
gallop,0.3386041111457063
palfrey,0.3386041111457063
saddled,0.3386041111457063
concert,0.3380185251313738
hobgoblin,0.3380185251313738
scampered,0.3380185251313738
lad,0.3376745161581995
prettier,0.3376745161581995
disobeyed,0.33723081677260935
felled,0.33651278726032097
venomous,0.33638396194811926
gleams,0.33634895829852623
insists,0.33601845702121524
splash,0.33558863476831874
trout,0.33558863476831874
snap,0.33558863476831874
ker,0.33558863476831874
pflop,0.33558863476831874
spread,0.3347403713490706
ornaments,0.33448213185103515
dazzled,0.33448213185103515
brilliancy,0.33448213185103515
distinguish,0.3343936734635694
dropping,0.33425382268859033
pavement,0.33425382268859033
reigns,0.33425382268859033
hedges,0.3321570923925749
whithersoever,0.3321570923925749
bred,0.332155482986642
aught,0.332155482986642
lent,0.33209348109663267
slew,0.33209348109663267
messengers,0.3319678752810093
briar,0.33196565778878095
stag,0.3316820733939619
halting,0.3316820733939619
pursued,0.3316820733939619
matches,0.33141496750774513
highways,0.3313383483163705
unceasingly,0.3313383483163705
byways,0.3313383483163705
handsomer,0.33066601753458635
waste,0.3300568321499653
famine,0.3300568321499653
stuff,0.32979515558483413
neighbours,0.32979515558483413
possessed,0.32979515558483413
remarkable,0.32979515558483413
quality,0.32979515558483413
doubled,0.3292890422319409
cooking,0.3292890422319409
laughing,0.3292890422319409
quicker,0.3292890422319409
pointed,0.3292890422319409
lasted,0.32902791089910266
situation,0.32902791089910266
committed,0.32899413358450463
unfolded,0.32899413358450463
instant,0.32899413358450463
dim,0.32887000366467173
bone,0.32887000366467173
fattening,0.32887000366467173
spend,0.32885004063715795
soft,0.32885004063715795
leaving,0.32868977973686114
sieve,0.32868977973686114
legitimate,0.3284401527367471
regarded,0.3284401527367471
flown,0.3284401527367471
booty,0.3284401527367471
contented,0.3279934834188026
entering,0.3279934834188026
hero,0.3278348767121045
bethought,0.3278348767121045
rid,0.3278348767121045
point,0.32766521729326925
startled,0.32766521729326925
dreamed,0.32766521729326925
fired,0.3275027094442906
rattled,0.3275027094442906
resolved,0.32735116432620076
managed,0.32735116432620076
superior,0.3273097235355858
opposition,0.3273097235355858
offer,0.3273097235355858
anger,0.32721889918203617
horned,0.32597795224880993
solemn,0.32597795224880993
shrill,0.32597795224880993
enter,0.32570606184994944
account,0.32510683659537437
eight,0.3248102225483079
stops,0.3248102225483079
ho,0.32444124359615795
humor,0.32435092739978605
forsook,0.32435092739978605
inclination,0.324303233130079
strokes,0.3240729877669013
hearers,0.3239992145214926
seriously,0.32358136281077315
angels,0.32350780559893827
desire,0.32350780559893827
forbidden,0.32350780559893827
dirt,0.32316592932974536
pertains,0.32316566450729184
witches,0.3228564495910889
keen,0.3228564495910889
scent,0.3228564495910889
inlaw,0.3227461557059568
produce,0.3227461557059568
cellarful,0.3227461557059568
excuses,0.3227461557059568
restore,0.3220902402006791
sum,0.3220902402006791
denounce,0.3220902402006791
confessed,0.3220902402006791
carter,0.32183230852719913
thoughtful,0.32173949099364885
topoff,0.32173949099364885
former,0.32124366927106485
dearly,0.32124366927106485
horrors,0.32105117371808156
chickens,0.32105117371808156
spindles,0.32096179322504415
threatened,0.32096179322504415
hoped,0.32096179322504415
password,0.32034081443763424
gushed,0.3201452271028965
cooling,0.3201452271028965
hell,0.3201452271028965
eternal,0.3201452271028965
chatting,0.3200263716681342
rob,0.3200263716681342
renewed,0.31994725589975404
ease,0.3182239493909492
seaweed,0.3181299304227311
dawn,0.31810878550217625
notice,0.31810878550217625
hospital,0.31810878550217625
remain,0.31810878550217625
swept,0.31777636890983396
chimneys,0.31777636890983396
weathercock,0.31777636890983396
singe,0.3176435846934567
spellbound,0.31730719870942425
proper,0.3171947050916767
dormant,0.3171947050916767
roused,0.3171947050916767
judged,0.31715900189428625
miss,0.3164620169066632
won,0.3164620169066632
loosen,0.31628583298454244
mogen,0.31615951618967303
slipper,0.3158724554844897
snowing,0.31581148108867585
holle,0.31581148108867585
curious,0.31574115758288834
guessed,0.3155224833333051
riddle,0.3155224833333051
test,0.315512887048489
muddy,0.3153142122029615
sands,0.31529316434484833
star,0.31508754328409067
entrance,0.31490935688833716
throwing,0.31490935688833716
strewed,0.31490935688833716
daily,0.3146836158652345
lingering,0.3146836158652345
quit,0.31416890903904837
assist,0.3138452980187923
dowry,0.3138452980187923
tinged,0.31375260299432933
main,0.31366821675331735
asunder,0.31366821675331735
pumps,0.31366821675331735
split,0.31366821675331735
leak,0.31366821675331735
useless,0.31366821675331735
drums,0.31342130414129704
grating,0.31342130414129704
hastening,0.31342130414129704
marching,0.31342130414129704
minnow,0.3131087853196754
sharp,0.3131087853196754
smooth,0.3131087853196754
spines,0.3131087853196754
jack,0.3131087853196754
stickleback,0.3131087853196754
elbow,0.31224968323622376
bestir,0.31224968323622376
jogged,0.31224968323622376
waist,0.31202819162111456
nervously,0.3118882078603063
dust,0.3118882078603063
wreckage,0.3118882078603063
amidst,0.3118882078603063
snatched,0.3115302986112551
towns,0.31148553729394424
riches,0.31148553729394424
residence,0.31148553729394424
equalled,0.31148553729394424
accumulated,0.31148553729394424
school,0.3112344759876325
cuffings,0.3112344759876325
buffetings,0.3112344759876325
require,0.31119060460896014
subdue,0.31119060460896014
baker,0.31108002897032894
lily,0.31095397725679336
tossed,0.31077422904272967
billows,0.31077422904272967
ships,0.31077422904272967
hawk,0.3107073033761619
solitude,0.3107073033761619
springing,0.30965600785937814
mortified,0.30965600785937814
flocks,0.30955528955139067
surrounded,0.30945034605325283
overlooking,0.30945034605325283
sportsmen,0.30945034605325283
lucie,0.3093164538313944
stout,0.3093164538313944
singey,0.3093164538313944
person,0.3093164538313944
affair,0.3088788497188913
unicorn,0.3088788497188913
marshes,0.30887357535366294
cork,0.30873983063852
bounced,0.30873983063852
soda,0.30873983063852
bubbles,0.30873983063852
entice,0.3085302967214265
pitchers,0.30849630947652973
foolishly,0.30849630947652973
snake,0.30844978005254947
legged,0.3083550873188647
dumb,0.30808539057305023
miserably,0.30808539057305023
perish,0.30808539057305023
lamenting,0.30808539057305023
fishes,0.30808539057305023
prisoners,0.30808539057305023
reach,0.3071820836975237
gasping,0.3063300195520081
awakens,0.30626678623364073
spontaneously,0.30626678623364073
springs,0.30626678623364073
expect,0.30626678623364073
wages,0.3052089390185124
blessing,0.3052089390185124
crossing,0.30476157847033375
remarked,0.30463273808793984
gothel,0.30463273808793984
heavier,0.30463273808793984
brock,0.30376313988733206
tommy,0.30376313988733206
family,0.30376313988733206
bagged,0.30376313988733206
seed,0.30353876636721533
swells,0.30353876636721533
shoots,0.30353876636721533
directing,0.30353876636721533
sap,0.30353876636721533
pours,0.30353876636721533
trotting,0.30347852582818063
hoes,0.30347852582818063
labourers,0.30347852582818063
patter,0.3032243917167666
petticoats,0.3032243917167666
gooseberry,0.3026912881261006
losing,0.3026912881261006
net,0.3026912881261006
unfortunately,0.3026912881261006
ransom,0.30160399227987045
erect,0.3005142848595578
folded,0.3005142848595578
bowed,0.3005142848595578
wanderer,0.30037372260196604
demand,0.30037372260196604
attach,0.30037372260196604
swimming,0.30014829070313975
gang,0.2998464873220141
brighter,0.2998464873220141
scoundrel,0.29976814847860705
dont,0.29976814847860705
sounding,0.29976814847860705
darker,0.2995877642005834
onwards,0.2995877642005834
fantastic,0.2995877642005834
distorting,0.2995877642005834
forgetfulness,0.2993561113750286
bath,0.2986084301607803
foxey,0.2982565261835877
tremendous,0.29778430183005755
somerset,0.29778430183005755
whenever,0.29778430183005755
cracked,0.29778430183005755
appearance,0.29740006670854346
impetuous,0.2971401451522098
disposition,0.2971401451522098
newly,0.2971401451522098
tripped,0.2971401451522098
earnestly,0.2969360960743732
overwhelm,0.29655212799678365
tide,0.29655212799678365
drinking,0.29655212799678365
astonishment,0.2954855024492538
forbade,0.2954855024492538
lighter,0.2954584461519923
shortest,0.2954584461519923
vanish,0.2954584461519923
public,0.2954544114324254
rise,0.29514698351629676
ceased,0.2942369169568299
roast,0.2937874855659681
cakes,0.2937874855659681
tiled,0.2937874855659681
sport,0.2935830626573272
partner,0.2935830626573272
corridors,0.29286351886810813
tsing,0.29286351886810813
pe,0.29286351886810813
halls,0.29286351886810813
fruits,0.2927403221935731
pears,0.2927403221935731
prying,0.29253184444732766
shame,0.29253184444732766
hostess,0.29253184444732766
wreaths,0.2921605008573783
command,0.2921605008573783
cudgel,0.2921605008573783
twas,0.29202424225330975
tumbles,0.29202424225330975
rumbles,0.29202424225330975
kids,0.29202424225330975
stronger,0.29177607387438836
fulfilled,0.29177607387438836
license,0.2917669164804717
post,0.2917669164804717
credit,0.2917669164804717
caravans,0.2912290773747944
airy,0.2912290773747944
sprinkle,0.290381286818936
lentils,0.290381286818936
rosy,0.28997403580065506
mouthful,0.28997403580065506
plump,0.28997403580065506
guarded,0.28990063150078993
freed,0.28990063150078993
seat,0.2895853485243715
journeys,0.2895853485243715
jens,0.2895853485243715
highest,0.2895853485243715
glob,0.2895853485243715
bay,0.2895853485243715
princesses,0.2889458120499299
twins,0.28854599551402993
feigning,0.28825590149151276
fuel,0.28797706909089055
inquired,0.2866707239542017
missing,0.2866707239542017
dearth,0.28651951595237085
mournful,0.2861300264380831
ended,0.2861300264380831
calmly,0.28598357235621175
goblin,0.28598357235621175
bearer,0.28497485187623833
joke,0.28497485187623833
load,0.2835299759658484
payment,0.2835299759658484
blackberries,0.28345869597395223
thickest,0.28345869597395223
freeze,0.2830308462578533
expedient,0.2827994059816143
stratagem,0.2827994059816143
counteract,0.2827994059816143
rained,0.2824940569923738
appear,0.2823395351687711
belly,0.28179848890963927
collapsed,0.28179848890963927
creeping,0.28101562563682
grasped,0.28101562563682
passages,0.28083499860858846
hurrying,0.28083499860858846
audible,0.28083499860858846
echoing,0.28083499860858846
tread,0.28083499860858846
beckoned,0.2807341586208961
drawer,0.28049583390387184
homeward,0.28049028400804243
sinking,0.28049028400804243
attempting,0.28049028400804243
pursuing,0.28049028400804243
peck,0.28049028400804243
beech,0.2804477576819313
regions,0.2804477576819313
glory,0.2804477576819313
appears,0.2804477576819313
youthful,0.2804477576819313
buds,0.2804477576819313
sunlight,0.2804477576819313
advanced,0.2798434049216194
swarming,0.2798434049216194
whirring,0.2798434049216194
sides,0.2798434049216194
humming,0.2798434049216194
robbing,0.27931634663269284
approach,0.27931634663269284
ravaging,0.27931634663269284
murdering,0.27931634663269284
thresholds,0.2791114009322864
harnessed,0.2791114009322864
upside,0.2791114009322864
rapidity,0.2788239752494216
menial,0.2788239752494216
boots,0.2788239752494216
clean,0.2788239752494216
chafed,0.27830668959865923
grease,0.27830668959865923
cheeses,0.27830668959865923
largest,0.27801913421977853
holes,0.27801913421977853
howled,0.27801913421977853
doors,0.2775733696470464
bedtime,0.2775733696470464
feed,0.27744051368389144
loft,0.27744051368389144
likely,0.2769745323251773
saving,0.2769745323251773
chance,0.2769745323251773
stake,0.275795541677265
repentance,0.275795541677265
melted,0.275795541677265
sabines,0.2743624049750781
figures,0.2743624049750781
rape,0.2743624049750781
groups,0.2743624049750781
perseus,0.2743624049750781
metallic,0.2743624049750781
space,0.2741976831422609
masons,0.2741189781046082
exactly,0.2741189781046082
accidentally,0.2741189781046082
tap,0.2741189781046082
missed,0.2740701598489938
prize,0.2740701598489938
trifling,0.2735354667720854
burns,0.2735354667720854
scenes,0.27320167253873806
gardens,0.27320167253873806
shady,0.27320167253873806
arrow,0.27200536610556514
snapping,0.27200536610556514
chirping,0.27170920410877586
incurred,0.27130789507378084
aphtanides,0.27130789507378084
adopted,0.27130789507378084
moving,0.2710972715278786
stirring,0.27032550949342765
torch,0.2702649280297832
ray,0.2702649280297832
hazardous,0.2702649280297832
robes,0.2702354637624202
stern,0.2702354637624202
slyly,0.2698374439183824
polluted,0.26959771444306235
crystal,0.26959771444306235
falls,0.26959771444306235
sealing,0.2695741112616882
cleaning,0.2695741112616882
sink,0.2695741112616882
habitation,0.2691877984946158
glimmer,0.2691877984946158
milking,0.26741295492837086
strap,0.2673043943142469
rolls,0.2673043943142469
ovenful,0.2673043943142469
tying,0.2673043943142469
bean,0.267042108406114
escaped,0.267042108406114
fortunately,0.267042108406114
companions,0.267042108406114
repair,0.267042108406114
weary,0.2647570888571893
pitcher,0.2647570888571893
support,0.26430660583070714
gracious,0.26430660583070714
paralysed,0.26430660583070714
sporting,0.26398367991897914
guns,0.26398367991897914
trampling,0.2638671457419003
dangling,0.2638671457419003
swung,0.2638671457419003
birches,0.26380623880877546
underwood,0.26380623880877546
stems,0.26380623880877546
rays,0.26380623880877546
sleeves,0.2637683144925203
magnificent,0.2637683144925203
musket,0.2636093906729743
rocked,0.2636093906729743
countenance,0.2636093906729743
tin,0.2636093906729743
shouldered,0.2636093906729743
chamberlains,0.26359548548342315
chatter,0.26292201765863926
uneasiness,0.26292201765863926
veins,0.26292201765863926
stall,0.2629000969453344
captive,0.26286182490665994
turf,0.26286182490665994
pluck,0.26286182490665994
daisy,0.26286182490665994
lark,0.26286182490665994
taking,0.26259895292636404
thirst,0.26259895292636404
quench,0.26259895292636404
emptied,0.26259895292636404
sorely,0.26259895292636404
threaten,0.2620243333390376
knotted,0.26093198570803255
glittered,0.26093198570803255
whites,0.26093198570803255
thrice,0.2606866775797464
intending,0.2606866775797464
wickedness,0.2600759697137192
infinitely,0.2600759697137192
tiles,0.259998966570925
bottles,0.25998248876807484
blackness,0.2593382122974409
refreshed,0.2593382122974409
weed,0.2593382122974409
drooping,0.2593382122974409
swans,0.2587498451692746
skins,0.2587498451692746
benedict,0.2586884897598666
canute,0.2586884897598666
treacherous,0.2586884897598666
eric,0.2586884897598666
knelt,0.2586884897598666
prayer,0.2586884897598666
swords,0.2586884897598666
blake,0.2586884897598666
catches,0.2582731332929689
nest,0.2575317579887785
desolate,0.2574833202624937
beach,0.2574833202624937
washed,0.2574833202624937
ghosts,0.2574833202624937
childhood,0.2574833202624937
corpses,0.2574833202624937
unburied,0.2574833202624937
superstitions,0.2574833202624937
spectres,0.2574833202624937
creature,0.2566316811289883
warmth,0.2566316811289883
revived,0.2566316811289883
splashed,0.2566316811289883
token,0.25499758058735233
leaped,0.25436647881023283
quilt,0.25436647881023283
stopping,0.25422844182633597
approbation,0.2540145878438001
law,0.2540145878438001
whirl,0.2540145878438001
mamma,0.2540145878438001
kaela,0.2540145878438001
hobbling,0.2540145878438001
confession,0.2540145878438001
screams,0.2536616607062774
horde,0.2536616607062774
savage,0.2536616607062774
treading,0.25361469444346774
piercing,0.25361469444346774
crackled,0.25361469444346774
lightnings,0.25176132702985343
swelling,0.25176132702985343
crowns,0.25176132702985343
thunders,0.25176132702985343
stormy,0.25176132702985343
usual,0.2500786776673129
height,0.2500786776673129
autumn,0.2500786776673129
cutters,0.2500786776673129
buttered,0.24980637381816587
dinner,0.24980637381816587
salted,0.24980637381816587
pudding,0.24889703986310796
property,0.24889703986310796
depart,0.24889703986310796
interrupted,0.24889703986310796
collect,0.24889703986310796
dismal,0.24747416257492727
elder,0.24747416257492727
rejoiced,0.24710495841908484
engaged,0.24710495841908484
spell,0.24710495841908484
sucking,0.2462596503388776
wearing,0.2462596503388776
disconsolately,0.2462596503388776
dragging,0.24464333762309712
pool,0.2445849376631238
suitors,0.24444634722094805
inhabitants,0.24444634722094805
blown,0.24444634722094805
crowds,0.24444634722094805
boil,0.24443018935676505
sanna,0.24443018935676505
bowl,0.2426488273853908
cupboard,0.2426488273853908
seventh,0.2426488273853908
sixth,0.2426488273853908
whit,0.24234018729445655
entreaties,0.24234018729445655
wantonness,0.2395768067777612
winged,0.2395768067777612
drunkenness,0.2395768067777612
flaming,0.2395768067777612
avarice,0.2395768067777612
coloured,0.2395768067777612
bore,0.23907768195020837
greens,0.23907768195020837
polished,0.23789596028033685
spacious,0.23789596028033685
force,0.23789596028033685
transformed,0.23620640687149239
applied,0.23620640687149239
parrot,0.23547510066725238
resting,0.23547510066725238
canary,0.23547510066725238
flapped,0.23547510066725238
roses,0.23503279793214832
occasion,0.23503279793214832
provisions,0.23503279793214832
whereupon,0.23503279793214832
angrily,0.23503279793214832
linger,0.22994112198328934
fair,0.22994112198328934
lair,0.22994112198328934
pat,0.2297738779164456
normous,0.2297738779164456
artificial,0.2293802245343814
twenty,0.2293802245343814
learned,0.2293802245343814
volumes,0.2293802245343814
wrote,0.2293802245343814
read,0.2293802245343814
espying,0.2286916273623639
coals,0.2286916273623639
mistook,0.2286916273623639
sugarloaf,0.22682262969341976
overhung,0.22682262969341976
valley,0.22682262969341976
prepare,0.2262877492031651
descended,0.22588993164641974
demons,0.22567219999695132
smoking,0.22567219999695132
nourishment,0.22567219999695132
enjoyments,0.22567219999695132
possibly,0.22567219999695132
diabolical,0.22567219999695132
considered,0.22257529162698686
jackal,0.22257529162698686
issues,0.22257529162698686
sufficient,0.22257529162698686
protection,0.22257529162698686
roots,0.22257529162698686
smidraki,0.22257529162698686
attendants,0.2193730151149751
solid,0.2193730151149751
lofty,0.2193730151149751
peppermint,0.2188212028141456
sisters,0.21882007770431577
mournd,0.21041494830847843
spray,0.21041494830847843
mate,0.21041494830847843
separate,0.2084515337960752
seeks,0.2084515337960752
west,0.2084515337960752
hundreds,0.20677597662002173
clinging,0.20677597662002173
crumbling,0.20677597662002173
women,0.20677597662002173
steady,0.20564147593230736
korbes,0.20564147593230736
fight,0.20431827290636315
espied,0.20431827290636315
enemies,0.20431827290636315
reckoning,0.20248755094909202
occur,0.20248755094909202
shrove,0.20248755094909202
weigh,0.20248755094909202
tuesday,0.20248755094909202
sneeze,0.1948102852921187
gnawing,0.1948102852921187
flash,0.19082189969193736
inferior,0.19082189969193736
bursts,0.19082189969193736
blind,0.19082189969193736
opens,0.19082189969193736
writing,0.1882076622771405
echo,0.1882076622771405
printed,0.1882076622771405
re,0.1882076622771405
newspapers,0.1882076622771405
absolutely,0.1882076622771405
clerks,0.1882076622771405
dictionary,0.1882076622771405
corners,0.1882076622771405
stabbed,0.18429433213784632
spat,0.18429433213784632
monster,0.18429433213784632
captain,0.18429433213784632
bony,0.18429433213784632
club,0.18429433213784632
horrid,0.18429433213784632
worlds,0.18396295223569858
recalled,0.18396295223569858
amid,0.18396295223569858
grasp,0.18396295223569858
memory,0.18396295223569858
crashing,0.18396295223569858
murmured,0.18396295223569858
cheating,0.18388697489250927
gained,0.18388697489250927
purse,0.18388697489250927
liberty,0.18388697489250927
partly,0.18322780790093549
compose,0.18322780790093549
cottontail,0.18322780790093549
licked,0.18171625351247475
crops,0.18171625351247475
conquering,0.18171625351247475
huts,0.18171625351247475
destroyed,0.18171625351247475
singed,0.18171625351247475
devastated,0.18171625351247475
grain,0.17016531184170455
jollily,0.16829652534400913
civilly,0.16829652534400913
minds,0.16829652534400913
bespoke,0.16829652534400913
habit,0.16829652534400913
respectable,0.16829652534400913
egg,0.16829652534400913
waddled,0.16829652534400913
arrived,0.16829652534400913
laying,0.16829652534400913
fix,0.16829652534400913
wound,0.16817447914926312
flame,0.16817447914926312
lights,0.16817447914926312
worldly,0.16817447914926312
ancient,0.16817447914926312
splendor,0.16817447914926312
monks,0.16817447914926312
fragrance,0.16817447914926312
powerless,0.16817447914926312
crozier,0.16817447914926312
embroidered,0.16817447914926312
candlesticks,0.16817447914926312
incense,0.16817447914926312
brazen,0.16817447914926312
slain,0.16817447914926312
sing,0.16817447914926312
lap,0.16366525439919866
shewed,0.16366525439919866
chilly,0.15754377164204533
walnut,0.15291098567951933
elegant,0.15291098567951933
swampy,0.15291098567951933
uglier,0.15291098567951933
gay,0.13696054782017722
linnets,0.13696054782017722
blackbird,0.13696054782017722
thrush,0.13696054782017722
chaffinch,0.13696054782017722
roeskilde,0.13114570495740493
wretched,0.13114570495740493
tumble,0.13114570495740493
recognize,0.13114570495740493
ringstedt,0.13114570495740493
queer,0.13114570495740493
agent,0.13114570495740493
